InvoiceNo,StockCode,Description,Quantity,InvoiceDate,UnitPrice,CustomerID,Country
581000,22961,JAM MAKING SET PRINTED,12,12/7/2011 8:03,1.45,12720,Germany
581000,21531,RED RETROSPOT SUGAR JAM BOWL,6,12/7/2011 8:03,2.55,12720,Germany
581000,22627,MINT KITCHEN SCALES,2,12/7/2011 8:03,8.5,12720,Germany
581000,22625,RED KITCHEN SCALES,2,12/7/2011 8:03,8.5,12720,Germany
581000,22960,JAM MAKING SET WITH JARS,12,12/7/2011 8:03,3.75,12720,Germany
581000,22554,PLASTERS IN TIN WOODLAND ANIMALS,12,12/7/2011 8:03,1.65,12720,Germany
581000,22722,SET OF 6 SPICE TINS PANTRY DESIGN,4,12/7/2011 8:03,3.95,12720,Germany
581000,22720,SET OF 3 CAKE TINS PANTRY DESIGN ,3,12/7/2011 8:03,4.95,12720,Germany
581000,22723,SET OF 6 HERB TINS SKETCHBOOK,12,12/7/2011 8:03,1.25,12720,Germany
581000,22072,RED RETROSPOT TEA CUP AND SAUCER ,12,12/7/2011 8:03,1.25,12720,Germany
581000,22596,CHRISTMAS STAR WISH LIST CHALKBOARD,24,12/7/2011 8:03,0.39,12720,Germany
581000,84819,DANISH ROSE ROUND SEWING BOX,16,12/7/2011 8:03,0.79,12720,Germany
581000,84820,DANISH ROSE TRINKET TRAYS,16,12/7/2011 8:03,0.79,12720,Germany
581000,23294,SET OF 6 SNACK LOAF BAKING CASES,8,12/7/2011 8:03,0.83,12720,Germany
581000,23295,SET OF 12 MINI LOAF BAKING CASES,8,12/7/2011 8:03,0.83,12720,Germany
581000,22326,ROUND SNACK BOXES SET OF4 WOODLAND ,6,12/7/2011 8:03,2.95,12720,Germany
581000,22328,ROUND SNACK BOXES SET OF 4 FRUITS ,6,12/7/2011 8:03,2.95,12720,Germany
581000,22624,IVORY KITCHEN SCALES,2,12/7/2011 8:03,8.5,12720,Germany
581000,POST,POSTAGE,5,12/7/2011 8:03,18.0,12720,Germany
581001,23562,SET OF 6 RIBBONS PERFECTLY PRETTY  ,6,12/7/2011 8:07,2.89,12583,France
581001,22540,MINI JIGSAW CIRCUS PARADE ,48,12/7/2011 8:07,0.19,12583,France
581001,22544,MINI JIGSAW SPACEBOY,48,12/7/2011 8:07,0.19,12583,France
581001,23480,MINI LIGHTS WOODLAND MUSHROOMS,32,12/7/2011 8:07,3.75,12583,France
581001,23084,RABBIT NIGHT LIGHT,24,12/7/2011 8:07,1.79,12583,France
581001,23298,SPOTTY BUNTING,12,12/7/2011 8:07,4.95,12583,France
581001,22909,SET OF 20 VINTAGE CHRISTMAS NAPKINS,12,12/7/2011 8:07,0.85,12583,France
581001,22613,PACK OF 20 SPACEBOY NAPKINS,12,12/7/2011 8:07,0.85,12583,France
581001,22617,BAKING SET SPACEBOY DESIGN,3,12/7/2011 8:07,4.95,12583,France
581001,23515,EMBROIDERED RIBBON REEL DAISY ,6,12/7/2011 8:07,2.08,12583,France
581001,22367,CHILDRENS APRON SPACEBOY DESIGN,8,12/7/2011 8:07,1.95,12583,France
581001,POST,POSTAGE,3,12/7/2011 8:07,18.0,12583,France
581001,21156,RETROSPOT CHILDRENS APRON,8,12/7/2011 8:07,1.95,12583,France
581001,22352,LUNCH BOX WITH CUTLERY RETROSPOT ,12,12/7/2011 8:07,2.55,12583,France
581001,21559,STRAWBERRY LUNCH BOX WITH CUTLERY,12,12/7/2011 8:07,2.55,12583,France
581001,22326,ROUND SNACK BOXES SET OF4 WOODLAND ,12,12/7/2011 8:07,2.95,12583,France
581001,23388,WOODLAND MINI BACKPACK,12,12/7/2011 8:07,4.15,12583,France
581001,22728,ALARM CLOCK BAKELIKE PINK,18,12/7/2011 8:07,3.75,12583,France
581001,22726,ALARM CLOCK BAKELIKE GREEN,24,12/7/2011 8:07,3.75,12583,France
581002,23525,WALL ART BUFFALO BILL ,6,12/7/2011 8:21,3.75,14708,United Kingdom
581002,23523,WALL ART TREASURE AHOY ,6,12/7/2011 8:21,3.75,14708,United Kingdom
581002,23531,WALL ART BIG LOVE ,3,12/7/2011 8:21,6.95,14708,United Kingdom
581002,84879,ASSORTED COLOUR BIRD ORNAMENT,16,12/7/2011 8:21,1.69,14708,United Kingdom
581002,23188,VINTAGE  2 METRE FOLDING RULER,12,12/7/2011 8:21,1.65,14708,United Kingdom
581002,22622,BOX OF VINTAGE ALPHABET BLOCKS,12,12/7/2011 8:21,9.95,14708,United Kingdom
581002,22467,GUMBALL COAT RACK,12,12/7/2011 8:21,2.55,14708,United Kingdom
581002,23367,SET 12 COLOUR PENCILS SPACEBOY ,16,12/7/2011 8:21,0.65,14708,United Kingdom
581002,22711,WRAP CIRCUS PARADE,50,12/7/2011 8:21,0.42,14708,United Kingdom
581002,22716,CARD CIRCUS PARADE,12,12/7/2011 8:21,0.42,14708,United Kingdom
581002,21889,WOODEN BOX OF DOMINOES,12,12/7/2011 8:21,1.25,14708,United Kingdom
581002,23084,RABBIT NIGHT LIGHT,24,12/7/2011 8:21,1.79,14708,United Kingdom
581002,22090,PAPER BUNTING RETROSPOT,18,12/7/2011 8:21,2.95,14708,United Kingdom
581002,23168,CLASSIC CAFE SUGAR DISPENSER,12,12/7/2011 8:21,1.25,14708,United Kingdom
581003,21912,VINTAGE SNAKES & LADDERS,12,12/7/2011 8:38,3.75,14911,EIRE
581003,22138,BAKING SET 9 PIECE RETROSPOT ,12,12/7/2011 8:38,4.95,14911,EIRE
581003,22139,RETROSPOT TEA SET CERAMIC 11 PC ,9,12/7/2011 8:38,4.95,14911,EIRE
581003,22617,BAKING SET SPACEBOY DESIGN,9,12/7/2011 8:38,4.95,14911,EIRE
581003,22197,POPCORN HOLDER,48,12/7/2011 8:38,0.85,14911,EIRE
581003,21790,VINTAGE SNAP CARDS,24,12/7/2011 8:38,0.85,14911,EIRE
581003,21889,WOODEN BOX OF DOMINOES,24,12/7/2011 8:38,1.25,14911,EIRE
581003,22550,HOLIDAY FUN LUDO,8,12/7/2011 8:38,3.75,14911,EIRE
581003,22558,CLOTHES PEGS RETROSPOT PACK 24 ,48,12/7/2011 8:38,1.45,14911,EIRE
581003,21109,LARGE CAKE TOWEL CHOCOLATE SPOTS,12,12/7/2011 8:38,1.95,14911,EIRE
581003,21411,GINGHAM HEART  DOORSTOP RED,8,12/7/2011 8:38,1.95,14911,EIRE
581003,21705,BAG 500g SWIRLY MARBLES,24,12/7/2011 8:38,0.39,14911,EIRE
581003,22107,PIZZA PLATE IN BOX,8,12/7/2011 8:38,1.25,14911,EIRE
581003,22343,PARTY PIZZA DISH RED RETROSPOT,24,12/7/2011 8:38,0.19,14911,EIRE
581003,22390,PAPERWEIGHT CHILDHOOD MEMORIES,12,12/7/2011 8:38,0.39,14911,EIRE
581003,22393,PAPERWEIGHT VINTAGE COLLAGE,12,12/7/2011 8:38,0.39,14911,EIRE
581003,22405,MONEY BOX POCKET MONEY DESIGN,12,12/7/2011 8:38,0.39,14911,EIRE
581003,23137,ZINC WIRE SWEETHEART LETTER TRAY,8,12/7/2011 8:38,1.25,14911,EIRE
581003,23302,KNEELING MAT HOUSEWORK  DESIGN,24,12/7/2011 8:38,0.79,14911,EIRE
581003,23320,GIANT 50'S CHRISTMAS CRACKER,24,12/7/2011 8:38,1.25,14911,EIRE
581003,23415,HOME SWEET HOME HOOK,24,12/7/2011 8:38,0.39,14911,EIRE
581003,23417,BATHROOM HOOK,12,12/7/2011 8:38,0.39,14911,EIRE
581003,23358,HOT STUFF HOT WATER BOTTLE,18,12/7/2011 8:38,1.25,14911,EIRE
581003,84661A,WHITE SQUARE TABLE CLOCK,12,12/7/2011 8:38,0.79,14911,EIRE
581003,84661B,BLACK SQUARE TABLE CLOCK,12,12/7/2011 8:38,0.79,14911,EIRE
581003,84817,DANISH ROSE DECORATIVE PLATE,24,12/7/2011 8:38,0.39,14911,EIRE
581003,23552,BICYCLE PUNCTURE REPAIR KIT ,6,12/7/2011 8:38,2.08,14911,EIRE
581003,23498,CLASSIC BICYCLE CLIPS ,24,12/7/2011 8:38,1.45,14911,EIRE
581003,22112,CHOCOLATE HOT WATER BOTTLE,6,12/7/2011 8:38,4.95,14911,EIRE
581003,22797,CHEST OF DRAWERS GINGHAM HEART ,1,12/7/2011 8:38,16.95,14911,EIRE
581003,21523,DOORMAT FANCY FONT HOME SWEET HOME,2,12/7/2011 8:38,8.25,14911,EIRE
581003,48194,DOORMAT HEARTS,2,12/7/2011 8:38,8.25,14911,EIRE
581003,22483,RED GINGHAM TEDDY BEAR ,6,12/7/2011 8:38,2.95,14911,EIRE
581003,21791,VINTAGE HEADS AND TAILS CARD GAME ,24,12/7/2011 8:38,1.25,14911,EIRE
581003,22549,PICTURE DOMINOES,12,12/7/2011 8:38,1.45,14911,EIRE
581003,23080,RED METAL BOX TOP SECRET,2,12/7/2011 8:38,8.25,14911,EIRE
581003,84347,ROTATING SILVER ANGELS T-LIGHT HLDR,24,12/7/2011 8:38,2.55,14911,EIRE
581003,85053,FRENCH ENAMEL CANDLEHOLDER,6,12/7/2011 8:38,2.1,14911,EIRE
581003,22728,ALARM CLOCK BAKELIKE PINK,4,12/7/2011 8:38,3.75,14911,EIRE
581003,22727,ALARM CLOCK BAKELIKE RED ,4,12/7/2011 8:38,3.75,14911,EIRE
581003,22725,ALARM CLOCK BAKELIKE CHOCOLATE,4,12/7/2011 8:38,3.75,14911,EIRE
581003,21166,COOK WITH WINE METAL SIGN ,12,12/7/2011 8:38,2.08,14911,EIRE
581003,21181,PLEASE ONE PERSON METAL SIGN,12,12/7/2011 8:38,2.1,14911,EIRE
581003,21494,ROTATING LEAVES T-LIGHT HOLDER,12,12/7/2011 8:38,1.25,14911,EIRE
581003,22635,CHILDS BREAKFAST SET DOLLY GIRL ,2,12/7/2011 8:38,9.95,14911,EIRE
581003,22634,CHILDS BREAKFAST SET SPACEBOY ,2,12/7/2011 8:38,9.95,14911,EIRE
581003,51014A,"FEATHER PEN,HOT PINK",24,12/7/2011 8:38,0.39,14911,EIRE
581003,84536A,ENGLISH ROSE NOTEBOOK A7 SIZE,16,12/7/2011 8:38,0.42,14911,EIRE
581003,20985,HEART CALCULATOR,12,12/7/2011 8:38,1.25,14911,EIRE
581003,84992,72 SWEETHEART FAIRY CAKE CASES,24,12/7/2011 8:38,0.55,14911,EIRE
581003,21156,RETROSPOT CHILDRENS APRON,8,12/7/2011 8:38,1.95,14911,EIRE
581003,22474,SPACEBOY TV DINNER TRAY,8,12/7/2011 8:38,1.95,14911,EIRE
581003,22473,TV DINNER TRAY VINTAGE PAISLEY,8,12/7/2011 8:38,1.95,14911,EIRE
581003,22472,TV DINNER TRAY DOLLY GIRL,8,12/7/2011 8:38,1.95,14911,EIRE
581003,23198,PANTRY MAGNETIC  SHOPPING LIST,12,12/7/2011 8:38,1.45,14911,EIRE
581003,47504H,ENGLISH ROSE SPIRIT LEVEL ,12,12/7/2011 8:38,0.79,14911,EIRE
581003,21975,PACK OF 60 DINOSAUR CAKE CASES,24,12/7/2011 8:38,0.55,14911,EIRE
581003,23461,SWEETHEART BIRD HOUSE,4,12/7/2011 8:38,4.15,14911,EIRE
581003,22607,WOODEN ROUNDERS GARDEN SET ,2,12/7/2011 8:38,9.95,14911,EIRE
581003,22605,WOODEN CROQUET GARDEN SET,2,12/7/2011 8:38,14.95,14911,EIRE
581003,23107,WHITE HEARTS WIRE PLANT POT HOLDER,8,12/7/2011 8:38,0.79,14911,EIRE
581003,23355,HOT WATER BOTTLE KEEP CALM,4,12/7/2011 8:38,4.95,14911,EIRE
581003,22384,LUNCH BAG PINK POLKADOT,10,12/7/2011 8:38,1.65,14911,EIRE
581004,21523,DOORMAT FANCY FONT HOME SWEET HOME,10,12/7/2011 8:41,7.08,16539,United Kingdom
581004,48184,DOORMAT ENGLISH ROSE ,10,12/7/2011 8:41,7.08,16539,United Kingdom
581004,21955,DOORMAT UNION JACK GUNS AND ROSES,10,12/7/2011 8:41,7.08,16539,United Kingdom
581004,23284,DOORMAT KEEP CALM AND COME IN,10,12/7/2011 8:41,7.08,16539,United Kingdom
581004,82482,WOODEN PICTURE FRAME WHITE FINISH,6,12/7/2011 8:41,2.95,16539,United Kingdom
581004,82494L,WOODEN FRAME ANTIQUE WHITE ,6,12/7/2011 8:41,2.95,16539,United Kingdom
581004,23454,THREE MINI HANGING FRAMES,4,12/7/2011 8:41,4.15,16539,United Kingdom
581005,22806,SET OF 6 T-LIGHTS WEDDING CAKE ,12,12/7/2011 8:45,1.25,12828,United Kingdom
581005,85225,BLING KEY RING STAND,1,12/7/2011 8:45,1.0,12828,United Kingdom
581005,21109,LARGE CAKE TOWEL CHOCOLATE SPOTS,12,12/7/2011 8:45,1.95,12828,United Kingdom
581005,21111,"SWISS ROLL TOWEL, CHOCOLATE  SPOTS",24,12/7/2011 8:45,1.25,12828,United Kingdom
581005,21108,FAIRY CAKE FLANNEL ASSORTED COLOUR,18,12/7/2011 8:45,0.79,12828,United Kingdom
581006,22269,EGG CUP NATURAL CHICKEN,16,12/7/2011 8:45,0.39,14911,EIRE
581006,23186,FRENCH STYLE STORAGE JAR CAFE ,48,12/7/2011 8:45,0.29,14911,EIRE
581006,23583,LUNCH BAG PAISLEY PARK  ,10,12/7/2011 8:45,1.65,14911,EIRE
581006,23581,JUMBO BAG PAISLEY PARK,10,12/7/2011 8:45,2.08,14911,EIRE
581006,23582,VINTAGE DOILY JUMBO BAG RED ,10,12/7/2011 8:45,2.08,14911,EIRE
581006,23343,JUMBO BAG VINTAGE CHRISTMAS ,10,12/7/2011 8:45,2.08,14911,EIRE
581006,22278,OVERNIGHT BAG VINTAGE ROSE PAISLEY,3,12/7/2011 8:45,4.95,14911,EIRE
581006,22464,HANGING METAL HEART LANTERN,12,12/7/2011 8:45,1.65,14911,EIRE
581006,21733,RED HANGING HEART T-LIGHT HOLDER,24,12/7/2011 8:45,2.95,14911,EIRE
581006,85123A,WHITE HANGING HEART T-LIGHT HOLDER,24,12/7/2011 8:45,2.95,14911,EIRE
581006,23320,GIANT 50'S CHRISTMAS CRACKER,12,12/7/2011 8:45,2.89,14911,EIRE
581006,23319,BOX OF 6 MINI 50'S CRACKERS,6,12/7/2011 8:45,2.49,14911,EIRE
581006,21181,PLEASE ONE PERSON METAL SIGN,12,12/7/2011 8:45,2.1,14911,EIRE
581006,21162,TOXIC AREA  DOOR HANGER ,24,12/7/2011 8:45,0.39,14911,EIRE
581006,23307,SET OF 60 PANTRY DESIGN CAKE CASES ,24,12/7/2011 8:45,0.55,14911,EIRE
581006,84993A,75 GREEN PETIT FOUR CASES,24,12/7/2011 8:45,0.42,14911,EIRE
581006,84991,60 TEATIME FAIRY CAKE CASES,24,12/7/2011 8:45,0.55,14911,EIRE
581006,22720,SET OF 3 CAKE TINS PANTRY DESIGN ,3,12/7/2011 8:45,4.95,14911,EIRE
581006,23114,VINTAGE LEAF CHOPPING BOARD  ,9,12/7/2011 8:45,4.95,14911,EIRE
581006,23495,SET OF 3 PANTRY WOODEN SPOONS,12,12/7/2011 8:45,1.25,14911,EIRE
581006,23244,ROUND STORAGE TIN VINTAGE LEAF,6,12/7/2011 8:45,1.95,14911,EIRE
581006,22846,BREAD BIN DINER STYLE RED ,2,12/7/2011 8:45,16.95,14911,EIRE
581006,22424,ENAMEL BREAD BIN CREAM,1,12/7/2011 8:45,12.75,14911,EIRE
581006,22966,GINGERBREAD MAN COOKIE CUTTER,12,12/7/2011 8:45,1.25,14911,EIRE
581006,23208,LUNCH BAG VINTAGE LEAF DESIGN,10,12/7/2011 8:45,1.65,14911,EIRE
581006,21469,POLKA DOT RAFFIA FOOD COVER,6,12/7/2011 8:45,3.75,14911,EIRE
581006,23328,SET 6 SCHOOL MILK BOTTLES IN CRATE,4,12/7/2011 8:45,3.75,14911,EIRE
581006,21843,RED RETROSPOT CAKE STAND,6,12/7/2011 8:45,10.95,14911,EIRE
581006,22197,POPCORN HOLDER,48,12/7/2011 8:45,0.85,14911,EIRE
581006,21537,RED RETROSPOT PUDDING BOWL,8,12/7/2011 8:45,4.25,14911,EIRE
581006,21974,SET OF 36 PAISLEY FLOWER DOILIES,12,12/7/2011 8:45,1.45,14911,EIRE
581006,22283,6 EGG HOUSE PAINTED WOOD,4,12/7/2011 8:45,7.95,14911,EIRE
581006,22697,GREEN REGENCY TEACUP AND SAUCER,6,12/7/2011 8:45,2.95,14911,EIRE
581006,22699,ROSES REGENCY TEACUP AND SAUCER ,12,12/7/2011 8:45,2.95,14911,EIRE
581006,23163,REGENCY SUGAR TONGS,8,12/7/2011 8:45,2.49,14911,EIRE
581006,22922,FRIDGE MAGNETS US DINER ASSORTED,12,12/7/2011 8:45,0.85,14911,EIRE
581006,22114,HOT WATER BOTTLE TEA AND SYMPATHY,8,12/7/2011 8:45,4.25,14911,EIRE
581006,22112,CHOCOLATE HOT WATER BOTTLE,6,12/7/2011 8:45,4.95,14911,EIRE
581006,22654,DELUXE SEWING KIT ,3,12/7/2011 8:45,5.95,14911,EIRE
581006,84819,DANISH ROSE ROUND SEWING BOX,3,12/7/2011 8:45,4.25,14911,EIRE
581006,23104,IVORY CAFE HANGING LAMP ,1,12/7/2011 8:45,12.5,14911,EIRE
581006,23382,BOX OF 6 CHRISTMAS CAKE DECORATIONS,4,12/7/2011 8:45,3.75,14911,EIRE
581006,22937,BAKING MOULD CHOCOLATE CUPCAKES,12,12/7/2011 8:45,2.55,14911,EIRE
581006,22932,BAKING MOULD TOFFEE CUP CHOCOLATE,6,12/7/2011 8:45,2.55,14911,EIRE
581006,22931,BAKING MOULD HEART WHITE CHOCOLATE,6,12/7/2011 8:45,2.55,14911,EIRE
581006,23293,SET OF 12 FAIRY CAKE BAKING CASES,8,12/7/2011 8:45,0.83,14911,EIRE
581006,21212,PACK OF 72 RETROSPOT CAKE CASES,24,12/7/2011 8:45,0.55,14911,EIRE
581006,23203,JUMBO BAG VINTAGE DOILY ,10,12/7/2011 8:45,2.08,14911,EIRE
581006,23202,JUMBO BAG VINTAGE LEAF,10,12/7/2011 8:45,2.08,14911,EIRE
581006,23209,LUNCH BAG VINTAGE DOILY ,10,12/7/2011 8:45,1.65,14911,EIRE
581006,23170,REGENCY TEA PLATE ROSES ,12,12/7/2011 8:45,1.65,14911,EIRE
581006,20914,SET/5 RED RETROSPOT LID GLASS BOWLS,12,12/7/2011 8:45,2.95,14911,EIRE
581007,23084,RABBIT NIGHT LIGHT,48,12/7/2011 8:55,1.79,12912,United Kingdom
581007,22910,PAPER CHAIN KIT VINTAGE CHRISTMAS,40,12/7/2011 8:55,2.55,12912,United Kingdom
581008,22423,REGENCY CAKESTAND 3 TIER,12,12/7/2011 9:02,12.75,13089,United Kingdom
581008,84949,SILVER HANGING T-LIGHT HOLDER,144,12/7/2011 9:02,1.45,13089,United Kingdom
C581009,M,Manual,-1,12/7/2011 9:15,125.0,16971,United Kingdom
581010,23084,RABBIT NIGHT LIGHT,24,12/7/2011 9:18,1.79,17503,United Kingdom
581010,23499,SET 12 VINTAGE DOILY CHALK ,24,12/7/2011 9:18,0.42,17503,United Kingdom
581010,22083,PAPER CHAIN KIT RETROSPOT,18,12/7/2011 9:18,2.95,17503,United Kingdom
581010,23245,SET OF 3 REGENCY CAKE TINS,4,12/7/2011 9:18,4.95,17503,United Kingdom
581010,22529,MAGIC DRAWING SLATE GO TO THE FAIR ,24,12/7/2011 9:18,0.42,17503,United Kingdom
581010,21889,WOODEN BOX OF DOMINOES,12,12/7/2011 9:18,1.25,17503,United Kingdom
581010,21914,BLUE HARMONICA IN BOX ,12,12/7/2011 9:18,1.25,17503,United Kingdom
581010,23695,DOILY THANK YOU CARD,12,12/7/2011 9:18,0.42,17503,United Kingdom
581010,21442,GREEN BIRDHOUSE DECORATION,24,12/7/2011 9:18,0.19,17503,United Kingdom
581010,21705,BAG 500g SWIRLY MARBLES,24,12/7/2011 9:18,0.39,17503,United Kingdom
581010,22596,CHRISTMAS STAR WISH LIST CHALKBOARD,12,12/7/2011 9:18,0.39,17503,United Kingdom
581010,22695,WICKER WREATH SMALL,12,12/7/2011 9:18,0.59,17503,United Kingdom
581010,22757,LARGE RED BABUSHKA NOTEBOOK ,12,12/7/2011 9:18,0.39,17503,United Kingdom
581010,22578,WOODEN STAR CHRISTMAS SCANDINAVIAN,24,12/7/2011 9:18,0.29,17503,United Kingdom
581010,22577,WOODEN HEART CHRISTMAS SCANDINAVIAN,35,12/7/2011 9:18,0.29,17503,United Kingdom
581011,22178,VICTORIAN GLASS HANGING T-LIGHT,48,12/7/2011 9:22,1.95,14397,United Kingdom
581011,23144,ZINC T-LIGHT HOLDER STARS SMALL,48,12/7/2011 9:22,0.83,14397,United Kingdom
581011,23145,ZINC T-LIGHT HOLDER STAR LARGE,24,12/7/2011 9:22,0.95,14397,United Kingdom
581011,22478,BIRDHOUSE GARDEN MARKER ,20,12/7/2011 9:22,1.25,14397,United Kingdom
581011,20846,ZINC HEART LATTICE T-LIGHT HOLDER,24,12/7/2011 9:22,1.25,14397,United Kingdom
581011,22600,CHRISTMAS RETROSPOT STAR WOOD,12,12/7/2011 9:22,0.85,14397,United Kingdom
C581012,21232,STRAWBERRY CERAMIC TRINKET POT,-1,12/7/2011 9:24,1.25,13014,United Kingdom
C581012,37449,CERAMIC CAKE STAND + HANGING CAKES,-1,12/7/2011 9:24,9.95,13014,United Kingdom
581013,22993,SET OF 4 PANTRY JELLY MOULDS,24,12/7/2011 9:32,1.25,17017,United Kingdom
581013,23328,SET 6 SCHOOL MILK BOTTLES IN CRATE,24,12/7/2011 9:32,3.39,17017,United Kingdom
581013,23190,BUNDLE OF 3 SCHOOL EXERCISE BOOKS  ,12,12/7/2011 9:32,1.65,17017,United Kingdom
581013,21914,BLUE HARMONICA IN BOX ,12,12/7/2011 9:32,1.25,17017,United Kingdom
581013,22197,POPCORN HOLDER,100,12/7/2011 9:32,0.72,17017,United Kingdom
581013,23084,RABBIT NIGHT LIGHT,48,12/7/2011 9:32,1.79,17017,United Kingdom
581013,21731,RED TOADSTOOL LED NIGHT LIGHT,12,12/7/2011 9:32,1.65,17017,United Kingdom
581013,22466,FAIRY TALE COTTAGE NIGHT LIGHT,12,12/7/2011 9:32,1.95,17017,United Kingdom
581013,22551,PLASTERS IN TIN SPACEBOY,12,12/7/2011 9:32,1.65,17017,United Kingdom
581013,23188,VINTAGE  2 METRE FOLDING RULER,72,12/7/2011 9:32,1.65,17017,United Kingdom
581013,23498,CLASSIC BICYCLE CLIPS ,24,12/7/2011 9:32,1.45,17017,United Kingdom
581013,23552,BICYCLE PUNCTURE REPAIR KIT ,24,12/7/2011 9:32,2.08,17017,United Kingdom
581013,23497,CLASSIC CHROME BICYCLE BELL ,48,12/7/2011 9:32,1.25,17017,United Kingdom
581014,23581,JUMBO BAG PAISLEY PARK,20,12/7/2011 9:34,2.08,16458,United Kingdom
581014,23203,JUMBO BAG VINTAGE DOILY ,20,12/7/2011 9:34,2.08,16458,United Kingdom
581014,85099B,JUMBO BAG RED RETROSPOT,20,12/7/2011 9:34,2.08,16458,United Kingdom
581014,22384,LUNCH BAG PINK POLKADOT,10,12/7/2011 9:34,1.65,16458,United Kingdom
581014,23583,LUNCH BAG PAISLEY PARK  ,10,12/7/2011 9:34,1.65,16458,United Kingdom
581014,85123A,WHITE HANGING HEART T-LIGHT HOLDER,6,12/7/2011 9:34,2.95,16458,United Kingdom
581015,21115,ROSE CARAVAN DOORSTOP,8,12/7/2011 9:35,1.95,13949,United Kingdom
581015,21285,RETROSPOT CANDLE  MEDIUM,24,12/7/2011 9:35,0.39,13949,United Kingdom
581015,21411,GINGHAM HEART  DOORSTOP RED,8,12/7/2011 9:35,1.95,13949,United Kingdom
581015,21592,RETROSPOT CIGAR BOX MATCHES ,24,12/7/2011 9:35,0.39,13949,United Kingdom
581015,22072,RED RETROSPOT TEA CUP AND SAUCER ,12,12/7/2011 9:35,1.25,13949,United Kingdom
581015,22199,FRYING PAN RED RETROSPOT,12,12/7/2011 9:35,1.25,13949,United Kingdom
581015,22203,MILK PAN RED RETROSPOT,12,12/7/2011 9:35,1.25,13949,United Kingdom
581015,22204,MILK PAN BLUE POLKADOT,12,12/7/2011 9:35,1.25,13949,United Kingdom
581015,22200,FRYING PAN PINK POLKADOT,12,12/7/2011 9:35,1.25,13949,United Kingdom
581015,22201,FRYING PAN BLUE POLKADOT,12,12/7/2011 9:35,1.25,13949,United Kingdom
581015,22215,CAKE STAND WHITE TWO TIER LACE,12,12/7/2011 9:35,2.95,13949,United Kingdom
581015,22221,CAKE STAND LOVEBIRD 2 TIER PINK,6,12/7/2011 9:35,2.95,13949,United Kingdom
581015,22723,SET OF 6 HERB TINS SKETCHBOOK,12,12/7/2011 9:35,1.25,13949,United Kingdom
581015,22915,ASSORTED BOTTLE TOP  MAGNETS ,24,12/7/2011 9:35,0.19,13949,United Kingdom
581015,23416,CHAMBRE HOOK,12,12/7/2011 9:35,0.39,13949,United Kingdom
581015,23417,BATHROOM HOOK,12,12/7/2011 9:35,0.39,13949,United Kingdom
581015,22299,PIG KEYRING WITH LIGHT & SOUND ,48,12/7/2011 9:35,0.39,13949,United Kingdom
581015,22344,PARTY PIZZA DISH PINK POLKADOT,24,12/7/2011 9:35,0.19,13949,United Kingdom
581015,22346,PARTY PIZZA DISH GREEN POLKADOT,24,12/7/2011 9:35,0.19,13949,United Kingdom
581015,22345,PARTY PIZZA DISH BLUE POLKADOT,24,12/7/2011 9:35,0.19,13949,United Kingdom
581015,22343,PARTY PIZZA DISH RED RETROSPOT,24,12/7/2011 9:35,0.19,13949,United Kingdom
581015,22756,LARGE YELLOW BABUSHKA NOTEBOOK ,12,12/7/2011 9:35,0.39,13949,United Kingdom
581015,22785,SQUARECUSHION COVER PINK UNION JACK,12,12/7/2011 9:35,1.25,13949,United Kingdom
581015,22757,LARGE RED BABUSHKA NOTEBOOK ,12,12/7/2011 9:35,0.39,13949,United Kingdom
581015,22758,LARGE PURPLE BABUSHKA NOTEBOOK  ,12,12/7/2011 9:35,0.39,13949,United Kingdom
581015,72800B, 4 PURPLE FLOCK DINNER CANDLES,12,12/7/2011 9:35,0.79,13949,United Kingdom
581015,72800C,4 PINK DINNER CANDLE SILVER FLOCK,12,12/7/2011 9:35,0.79,13949,United Kingdom
581015,84819,DANISH ROSE ROUND SEWING BOX,16,12/7/2011 9:35,0.79,13949,United Kingdom
581015,84817,DANISH ROSE DECORATIVE PLATE,24,12/7/2011 9:35,0.39,13949,United Kingdom
581015,22753,SMALL YELLOW BABUSHKA NOTEBOOK ,24,12/7/2011 9:35,0.21,13949,United Kingdom
581015,22754,SMALL RED BABUSHKA NOTEBOOK ,24,12/7/2011 9:35,0.21,13949,United Kingdom
581015,22755,SMALL PURPLE BABUSHKA NOTEBOOK ,24,12/7/2011 9:35,0.21,13949,United Kingdom
581015,22752,SET 7 BABUSHKA NESTING BOXES,12,12/7/2011 9:35,3.95,13949,United Kingdom
581015,85176,SEWING SUSAN 21 NEEDLE SET,12,12/7/2011 9:35,0.85,13949,United Kingdom
581015,22138,BAKING SET 9 PIECE RETROSPOT ,3,12/7/2011 9:35,4.95,13949,United Kingdom
581015,84879,ASSORTED COLOUR BIRD ORNAMENT,24,12/7/2011 9:35,1.69,13949,United Kingdom
581015,23206,LUNCH BAG APPLE DESIGN,10,12/7/2011 9:35,1.65,13949,United Kingdom
581015,22384,LUNCH BAG PINK POLKADOT,10,12/7/2011 9:35,1.65,13949,United Kingdom
581015,20831,GOLD PHOTO FRAME,12,12/7/2011 9:35,0.79,13949,United Kingdom
581015,22405,MONEY BOX POCKET MONEY DESIGN,12,12/7/2011 9:35,0.39,13949,United Kingdom
581015,22406,MONEY BOX KINGS CHOICE DESIGN,12,12/7/2011 9:35,0.39,13949,United Kingdom
581015,22410,MONEY BOX HOUSEKEEPING DESIGN,12,12/7/2011 9:35,0.39,13949,United Kingdom
581015,22407,MONEY BOX FIRST AID DESIGN,12,12/7/2011 9:35,0.39,13949,United Kingdom
581016,22720,SET OF 3 CAKE TINS PANTRY DESIGN ,3,12/7/2011 9:53,4.95,14141,United Kingdom
581016,21181,PLEASE ONE PERSON METAL SIGN,24,12/7/2011 9:53,2.1,14141,United Kingdom
581016,21174,POTTERING IN THE SHED METAL SIGN,12,12/7/2011 9:53,2.08,14141,United Kingdom
581016,23426,METAL SIGN DROP YOUR PANTS,6,12/7/2011 9:53,2.89,14141,United Kingdom
581016,23530,WALL ART ONLY ONE PERSON ,6,12/7/2011 9:53,4.95,14141,United Kingdom
581016,23321,SMALL WHITE HEART OF WICKER,12,12/7/2011 9:53,1.65,14141,United Kingdom
581016,23243,SET OF TEA COFFEE SUGAR TINS PANTRY,4,12/7/2011 9:53,4.95,14141,United Kingdom
581016,22112,CHOCOLATE HOT WATER BOTTLE,3,12/7/2011 9:53,4.95,14141,United Kingdom
581016,21485,RETROSPOT HEART HOT WATER BOTTLE,3,12/7/2011 9:53,4.95,14141,United Kingdom
581016,23355,HOT WATER BOTTLE KEEP CALM,4,12/7/2011 9:53,4.95,14141,United Kingdom
581017,23338,EGG FRYING PAN RED ,6,12/7/2011 10:06,2.08,14910,United Kingdom
581017,85034C,3 ROSE MORRIS BOXED CANDLES,12,12/7/2011 10:06,1.25,14910,United Kingdom
581017,22185,SLATE TILE NATURAL HANGING,12,12/7/2011 10:06,0.79,14910,United Kingdom
581017,23335,EGG FRYING PAN IVORY ,6,12/7/2011 10:06,2.08,14910,United Kingdom
581017,22217,T-LIGHT HOLDER HANGING LACE,24,12/7/2011 10:06,0.39,14910,United Kingdom
581017,21411,GINGHAM HEART  DOORSTOP RED,8,12/7/2011 10:06,1.95,14910,United Kingdom
581017,23583,LUNCH BAG PAISLEY PARK  ,10,12/7/2011 10:06,1.65,14910,United Kingdom
581017,22776,SWEETHEART 3 TIER CAKE STAND ,2,12/7/2011 10:06,9.95,14910,United Kingdom
581018,22560,TRADITIONAL MODELLING CLAY,24,12/7/2011 10:09,1.25,13743,United Kingdom
581018,23188,VINTAGE  2 METRE FOLDING RULER,12,12/7/2011 10:09,1.65,13743,United Kingdom
581018,22493,PAINT YOUR OWN CANVAS SET,24,12/7/2011 10:09,1.65,13743,United Kingdom
581018,22561,WOODEN SCHOOL COLOURING SET,24,12/7/2011 10:09,1.65,13743,United Kingdom
581018,21891,TRADITIONAL WOODEN SKIPPING ROPE,24,12/7/2011 10:09,1.45,13743,United Kingdom
581018,22492,MINI PAINT SET VINTAGE ,108,12/7/2011 10:09,0.65,13743,United Kingdom
581018,84077,WORLD WAR 2 GLIDERS ASSTD DESIGNS,144,12/7/2011 10:09,0.29,13743,United Kingdom
581019,79321,CHILLI LIGHTS,8,12/7/2011 10:11,5.75,14794,United Kingdom
581019,84251G,"GREETING CARD, OVERCROWDED POOL.",12,12/7/2011 10:11,0.19,14794,United Kingdom
581019,22815,CARD PSYCHEDELIC APPLES,12,12/7/2011 10:11,0.42,14794,United Kingdom
581019,23245,SET OF 3 REGENCY CAKE TINS,4,12/7/2011 10:11,4.95,14794,United Kingdom
581019,84926D,LA PALMIERA TILE COASTER,24,12/7/2011 10:11,0.29,14794,United Kingdom
581019,79051A,SMOKEY GREY COLOUR GLASS,24,12/7/2011 10:11,0.29,14794,United Kingdom
581019,23697,A PRETTY THANK YOU CARD,12,12/7/2011 10:11,0.42,14794,United Kingdom
581019,84927F,PSYCHEDELIC TILE HOOK,12,12/7/2011 10:11,0.39,14794,United Kingdom
581019,21463,MIRRORED DISCO BALL ,2,12/7/2011 10:11,5.95,14794,United Kingdom
581019,23202,JUMBO BAG VINTAGE LEAF,10,12/7/2011 10:11,2.08,14794,United Kingdom
581019,23344,JUMBO BAG 50'S CHRISTMAS ,10,12/7/2011 10:11,2.08,14794,United Kingdom
581019,22174,PHOTO CUBE,24,12/7/2011 10:11,1.65,14794,United Kingdom
581019,22725,ALARM CLOCK BAKELIKE CHOCOLATE,4,12/7/2011 10:11,3.75,14794,United Kingdom
581020,23579,SNACK TRAY I LOVE LONDON,48,12/7/2011 10:12,1.65,17511,United Kingdom
581020,23576,SNACK TRAY RED VINTAGE DOILY,48,12/7/2011 10:12,1.65,17511,United Kingdom
581020,23695,DOILY THANK YOU CARD,72,12/7/2011 10:12,0.36,17511,United Kingdom
581020,22314,OFFICE MUG WARMER CHOC+BLUE,24,12/7/2011 10:12,1.25,17511,United Kingdom
581020,23312,VINTAGE CHRISTMAS GIFT SACK,24,12/7/2011 10:12,4.15,17511,United Kingdom
581020,23311,VINTAGE CHRISTMAS STOCKING ,24,12/7/2011 10:12,2.55,17511,United Kingdom
581020,23313,VINTAGE CHRISTMAS BUNTING,50,12/7/2011 10:12,4.15,17511,United Kingdom
581020,22910,PAPER CHAIN KIT VINTAGE CHRISTMAS,120,12/7/2011 10:12,2.55,17511,United Kingdom
581020,22086,PAPER CHAIN KIT 50'S CHRISTMAS ,120,12/7/2011 10:12,2.55,17511,United Kingdom
581020,23247,BISCUIT TIN 50'S CHRISTMAS,36,12/7/2011 10:12,2.49,17511,United Kingdom
581020,22578,WOODEN STAR CHRISTMAS SCANDINAVIAN,240,12/7/2011 10:12,0.29,17511,United Kingdom
581020,20668,DISCO BALL CHRISTMAS DECORATION,576,12/7/2011 10:12,0.1,17511,United Kingdom
581020,23082,SET 6 PAPER TABLE LANTERN HEARTS ,48,12/7/2011 10:12,3.29,17511,United Kingdom
581020,23109,PACK OF SIX LED TEA LIGHTS,96,12/7/2011 10:12,2.49,17511,United Kingdom
581020,84879,ASSORTED COLOUR BIRD ORNAMENT,160,12/7/2011 10:12,1.45,17511,United Kingdom
581020,82484,WOOD BLACK BOARD ANT WHITE FINISH,24,12/7/2011 10:12,6.75,17511,United Kingdom
581020,22169,FAMILY ALBUM WHITE PICTURE FRAME,16,12/7/2011 10:12,7.65,17511,United Kingdom
581020,22170,PICTURE FRAME WOOD TRIPLE PORTRAIT,24,12/7/2011 10:12,5.95,17511,United Kingdom
581020,22768,FAMILY PHOTO FRAME CORNICE,16,12/7/2011 10:12,8.5,17511,United Kingdom
581020,85123A,WHITE HANGING HEART T-LIGHT HOLDER,64,12/7/2011 10:12,2.55,17511,United Kingdom
581020,21242,RED RETROSPOT PLATE ,96,12/7/2011 10:12,1.45,17511,United Kingdom
581020,21245,GREEN POLKADOT PLATE ,96,12/7/2011 10:12,1.45,17511,United Kingdom
581020,20677,PINK POLKADOT BOWL,72,12/7/2011 10:12,1.06,17511,United Kingdom
581020,23240,SET OF 4 KNICK KNACK TINS DOILY ,48,12/7/2011 10:12,3.75,17511,United Kingdom
581020,23192,BUNDLE OF 3 ALPHABET EXERCISE BOOKS,48,12/7/2011 10:12,1.45,17511,United Kingdom
581020,22906,12 MESSAGE CARDS WITH ENVELOPES,60,12/7/2011 10:12,1.45,17511,United Kingdom
581020,23229,VINTAGE DONKEY TAIL GAME ,36,12/7/2011 10:12,3.39,17511,United Kingdom
581020,23242,TREASURE TIN BUFFALO BILL ,48,12/7/2011 10:12,1.85,17511,United Kingdom
581020,22197,POPCORN HOLDER,100,12/7/2011 10:12,0.72,17511,United Kingdom
581020,23501,KEY RING BASEBALL BOOT UNION JACK,100,12/7/2011 10:12,1.04,17511,United Kingdom
581020,23238,SET OF 4 KNICK KNACK TINS LONDON ,48,12/7/2011 10:12,3.75,17511,United Kingdom
581020,23300,GARDENERS KNEELING PAD CUP OF TEA ,48,12/7/2011 10:12,1.45,17511,United Kingdom
581020,23301,GARDENERS KNEELING PAD KEEP CALM ,48,12/7/2011 10:12,1.45,17511,United Kingdom
581020,22706,WRAP COWBOYS  ,25,12/7/2011 10:12,0.42,17511,United Kingdom
581020,23366,SET 12 COLOURING PENCILS DOILY,48,12/7/2011 10:12,0.65,17511,United Kingdom
581020,22338,STAR DECORATION PAINTED ZINC ,144,12/7/2011 10:12,0.19,17511,United Kingdom
581020,21928,JUMBO BAG SCANDINAVIAN BLUE PAISLEY,100,12/7/2011 10:12,1.79,17511,United Kingdom
581020,23203,JUMBO BAG VINTAGE DOILY ,100,12/7/2011 10:12,1.79,17511,United Kingdom
581020,23582,VINTAGE DOILY JUMBO BAG RED ,100,12/7/2011 10:12,1.79,17511,United Kingdom
581020,23344,JUMBO BAG 50'S CHRISTMAS ,100,12/7/2011 10:12,1.79,17511,United Kingdom
581021,22217,T-LIGHT HOLDER HANGING LACE,12,12/7/2011 10:24,0.39,14769,United Kingdom
581021,22389,PAPERWEIGHT SAVE THE PLANET,12,12/7/2011 10:24,0.39,14769,United Kingdom
581021,22393,PAPERWEIGHT VINTAGE COLLAGE,12,12/7/2011 10:24,0.39,14769,United Kingdom
581021,22464,HANGING METAL HEART LANTERN,12,12/7/2011 10:24,0.79,14769,United Kingdom
581021,22465,HANGING METAL STAR LANTERN,12,12/7/2011 10:24,0.79,14769,United Kingdom
581021,22596,CHRISTMAS STAR WISH LIST CHALKBOARD,12,12/7/2011 10:24,0.39,14769,United Kingdom
581021,22990,COTTON APRON PANTRY DESIGN,12,12/7/2011 10:24,1.95,14769,United Kingdom
581021,23562,SET OF 6 RIBBONS PERFECTLY PRETTY  ,6,12/7/2011 10:24,2.89,14769,United Kingdom
581021,23561,SET OF 6 RIBBONS PARTY,6,12/7/2011 10:24,2.89,14769,United Kingdom
581021,22961,JAM MAKING SET PRINTED,12,12/7/2011 10:24,1.45,14769,United Kingdom
581021,22960,JAM MAKING SET WITH JARS,6,12/7/2011 10:24,4.25,14769,United Kingdom
581021,23031,DRAWER KNOB CRACKLE GLAZE PINK,12,12/7/2011 10:24,1.65,14769,United Kingdom
581021,23275,SET OF 3 HANGING OWLS OLLIE BEAK,12,12/7/2011 10:24,1.25,14769,United Kingdom
581021,22989,SET 2 PANTRY DESIGN TEA TOWELS,6,12/7/2011 10:24,3.25,14769,United Kingdom
581021,23338,EGG FRYING PAN RED ,6,12/7/2011 10:24,2.08,14769,United Kingdom
581021,23198,PANTRY MAGNETIC  SHOPPING LIST,12,12/7/2011 10:24,1.45,14769,United Kingdom
581021,23295,SET OF 12 MINI LOAF BAKING CASES,8,12/7/2011 10:24,0.83,14769,United Kingdom
581021,23293,SET OF 12 FAIRY CAKE BAKING CASES,8,12/7/2011 10:24,0.83,14769,United Kingdom
581021,23296,SET OF 6 TEA TIME BAKING CASES,8,12/7/2011 10:24,1.25,14769,United Kingdom
581021,23184,BULL DOG BOTTLE OPENER,4,12/7/2011 10:24,4.95,14769,United Kingdom
581021,22722,SET OF 6 SPICE TINS PANTRY DESIGN,4,12/7/2011 10:24,3.95,14769,United Kingdom
581021,22890,NOVELTY BISCUITS CAKE STAND 3 TIER,2,12/7/2011 10:24,9.95,14769,United Kingdom
581021,22423,REGENCY CAKESTAND 3 TIER,2,12/7/2011 10:24,12.75,14769,United Kingdom
581021,22138,BAKING SET 9 PIECE RETROSPOT ,3,12/7/2011 10:24,4.95,14769,United Kingdom
581022,23582,VINTAGE DOILY JUMBO BAG RED ,10,12/7/2011 10:25,2.08,12826,United Kingdom
581022,22086,PAPER CHAIN KIT 50'S CHRISTMAS ,12,12/7/2011 10:25,2.95,12826,United Kingdom
581022,23200,JUMBO BAG PEARS,10,12/7/2011 10:25,2.08,12826,United Kingdom
581022,21930,JUMBO STORAGE BAG SKULLS,10,12/7/2011 10:25,2.08,12826,United Kingdom
581022,23344,JUMBO BAG 50'S CHRISTMAS ,10,12/7/2011 10:25,2.08,12826,United Kingdom
581022,20727,LUNCH BAG  BLACK SKULL.,10,12/7/2011 10:25,1.65,12826,United Kingdom
581022,23574,PACKING CHARGE,1,12/7/2011 10:25,7.5,12826,United Kingdom
581023,20674,GREEN POLKADOT BOWL,4,12/7/2011 10:35,2.46,,United Kingdom
581023,20685,DOORMAT RED RETROSPOT,1,12/7/2011 10:35,16.63,,United Kingdom
581023,20712,JUMBO BAG WOODLAND ANIMALS,7,12/7/2011 10:35,4.13,,United Kingdom
581023,20713,JUMBO BAG OWLS,3,12/7/2011 10:35,4.13,,United Kingdom
581023,20717,STRAWBERRY SHOPPER BAG,3,12/7/2011 10:35,2.46,,United Kingdom
581023,20718,RED RETROSPOT SHOPPER BAG,2,12/7/2011 10:35,3.29,,United Kingdom
581023,20726,LUNCH BAG WOODLAND,4,12/7/2011 10:35,4.13,,United Kingdom
581023,20728,LUNCH BAG CARS BLUE,3,12/7/2011 10:35,4.13,,United Kingdom
581023,20749,ASSORTED COLOUR MINI CASES,1,12/7/2011 10:35,16.63,,United Kingdom
581023,20936,FORKED CACTUS CANDLE,1,12/7/2011 10:35,5.79,,United Kingdom
581023,20969,RED FLORAL FELTCRAFT SHOULDER BAG,2,12/7/2011 10:35,7.46,,United Kingdom
581023,21137,BLACK RECORD COVER FRAME,13,12/7/2011 10:35,7.46,,United Kingdom
581023,21155,RED RETROSPOT PEG BAG,5,12/7/2011 10:35,4.96,,United Kingdom
581023,21156,RETROSPOT CHILDRENS APRON,1,12/7/2011 10:35,4.13,,United Kingdom
581023,21164,HOME SWEET HOME METAL SIGN ,1,12/7/2011 10:35,5.79,,United Kingdom
581023,21165,BEWARE OF THE CAT METAL SIGN ,1,12/7/2011 10:35,4.13,,United Kingdom
581023,21169,YOU'RE CONFUSING ME METAL SIGN ,1,12/7/2011 10:35,4.13,,United Kingdom
581023,21174,POTTERING IN THE SHED METAL SIGN,3,12/7/2011 10:35,4.13,,United Kingdom
581023,21181,PLEASE ONE PERSON METAL SIGN,5,12/7/2011 10:35,4.13,,United Kingdom
581023,21201,TROPICAL  HONEYCOMB PAPER GARLAND ,1,12/7/2011 10:35,4.96,,United Kingdom
581023,21210,SET OF 72 RETROSPOT PAPER  DOILIES,1,12/7/2011 10:35,3.75,,United Kingdom
581023,21216,"SET 3 RETROSPOT TEA,COFFEE,SUGAR",1,12/7/2011 10:35,10.79,,United Kingdom
581023,21218,RED SPOTTY BISCUIT TIN,5,12/7/2011 10:35,8.29,,United Kingdom
581023,21232,STRAWBERRY CERAMIC TRINKET POT,10,12/7/2011 10:35,2.46,,United Kingdom
581023,21257,VICTORIAN SEWING BOX MEDIUM,2,12/7/2011 10:35,15.79,,United Kingdom
581023,21328,BALLOONS  WRITING SET ,2,12/7/2011 10:35,3.29,,United Kingdom
581023,21329,DINOSAURS  WRITING SET ,2,12/7/2011 10:35,3.29,,United Kingdom
581023,21430,SET/3 RED GINGHAM ROSE STORAGE BOX,1,12/7/2011 10:35,7.46,,United Kingdom
581023,21485,RETROSPOT HEART HOT WATER BOTTLE,3,12/7/2011 10:35,7.46,,United Kingdom
581023,21494,ROTATING LEAVES T-LIGHT HOLDER,3,12/7/2011 10:35,5.79,,United Kingdom
581023,21559,STRAWBERRY LUNCH BOX WITH CUTLERY,3,12/7/2011 10:35,4.96,,United Kingdom
581023,21706,FOLDING UMBRELLA RED/WHITE POLKADOT,1,12/7/2011 10:35,9.96,,United Kingdom
581023,21731,RED TOADSTOOL LED NIGHT LIGHT,1,12/7/2011 10:35,4.13,,United Kingdom
581023,21790,VINTAGE SNAP CARDS,1,12/7/2011 10:35,1.63,,United Kingdom
581023,21843,RED RETROSPOT CAKE STAND,5,12/7/2011 10:35,20.79,,United Kingdom
581023,21864,UNION JACK FLAG PASSPORT COVER ,1,12/7/2011 10:35,4.13,,United Kingdom
581023,21871,SAVE THE PLANET MUG,4,12/7/2011 10:35,3.29,,United Kingdom
581023,21874,GIN AND TONIC MUG,2,12/7/2011 10:35,3.29,,United Kingdom
581023,21912,VINTAGE SNAKES & LADDERS,1,12/7/2011 10:35,7.46,,United Kingdom
581023,21930,JUMBO STORAGE BAG SKULLS,6,12/7/2011 10:35,4.13,,United Kingdom
581023,21931,JUMBO STORAGE BAG SUKI,16,12/7/2011 10:35,4.13,,United Kingdom
581023,21934,SKULL SHOULDER BAG,2,12/7/2011 10:35,3.29,,United Kingdom
581023,21935,SUKI  SHOULDER BAG,1,12/7/2011 10:35,4.13,,United Kingdom
581023,21948,SET OF 6 CAKE CHOPSTICKS,1,12/7/2011 10:35,2.46,,United Kingdom
581023,22041,"RECORD FRAME 7"" SINGLE SIZE ",3,12/7/2011 10:35,5.79,,United Kingdom
581023,22069,BROWN  PIRATE TREASURE CHEST ,5,12/7/2011 10:35,4.13,,United Kingdom
581023,22077,6 RIBBONS RUSTIC CHARM,3,12/7/2011 10:35,4.13,,United Kingdom
581023,22086,PAPER CHAIN KIT 50'S CHRISTMAS ,55,12/7/2011 10:35,5.79,,United Kingdom
581023,22107,PIZZA PLATE IN BOX,1,12/7/2011 10:35,7.46,,United Kingdom
581023,22109,FULL ENGLISH BREAKFAST PLATE,2,12/7/2011 10:35,7.46,,United Kingdom
581023,22114,HOT WATER BOTTLE TEA AND SYMPATHY,31,12/7/2011 10:35,8.29,,United Kingdom
581023,22131,FOOD CONTAINER SET 3 LOVE HEART ,1,12/7/2011 10:35,4.13,,United Kingdom
581023,22135,MINI LADLE LOVE HEART PINK,1,12/7/2011 10:35,0.83,,United Kingdom
581023,22139,RETROSPOT TEA SET CERAMIC 11 PC ,3,12/7/2011 10:35,10.79,,United Kingdom
581023,22141,CHRISTMAS CRAFT TREE TOP ANGEL,4,12/7/2011 10:35,4.13,,United Kingdom
581023,22142,CHRISTMAS CRAFT WHITE FAIRY ,3,12/7/2011 10:35,3.29,,United Kingdom
581023,22156,HEART DECORATION WITH PEARLS ,1,12/7/2011 10:35,1.63,,United Kingdom
581023,22161,HEART DECORATION RUSTIC HANGING ,1,12/7/2011 10:35,1.63,,United Kingdom
581023,22173,METAL 4 HOOK HANGER FRENCH CHATEAU,3,12/7/2011 10:35,5.79,,United Kingdom
581023,22175,PINK OWL SOFT TOY,1,12/7/2011 10:35,5.79,,United Kingdom
581023,22179,SET 10 NIGHT OWL LIGHTS,1,12/7/2011 10:35,13.29,,United Kingdom
581023,22187,GREEN CHRISTMAS TREE CARD HOLDER,4,12/7/2011 10:35,8.29,,United Kingdom
581023,22199,FRYING PAN RED RETROSPOT,1,12/7/2011 10:35,8.29,,United Kingdom
581023,22203,MILK PAN RED RETROSPOT,2,12/7/2011 10:35,7.46,,United Kingdom
581023,22207,FRYING PAN UNION FLAG,1,12/7/2011 10:35,8.29,,United Kingdom
581023,22278,OVERNIGHT BAG VINTAGE ROSE PAISLEY,4,12/7/2011 10:35,10.79,,United Kingdom
581023,22297,HEART IVORY TRELLIS SMALL,2,12/7/2011 10:35,2.46,,United Kingdom
581023,22308,TEA COSY BLUE STRIPE,1,12/7/2011 10:35,4.96,,United Kingdom
581023,22327,ROUND SNACK BOXES SET OF 4 SKULLS,2,12/7/2011 10:35,6.63,,United Kingdom
581023,22328,ROUND SNACK BOXES SET OF 4 FRUITS ,3,12/7/2011 10:35,4.13,,United Kingdom
581023,22340,NOEL GARLAND PAINTED ZINC ,1,12/7/2011 10:35,3.29,,United Kingdom
581023,22357,KINGS CHOICE BISCUIT TIN,1,12/7/2011 10:35,8.29,,United Kingdom
581023,22367,CHILDRENS APRON SPACEBOY DESIGN,2,12/7/2011 10:35,4.96,,United Kingdom
581023,22379,RECYCLING BAG RETROSPOT ,1,12/7/2011 10:35,4.96,,United Kingdom
581023,22386,JUMBO BAG PINK POLKADOT,3,12/7/2011 10:35,4.13,,United Kingdom
581023,22411,JUMBO SHOPPER VINTAGE RED PAISLEY,10,12/7/2011 10:35,4.13,,United Kingdom
581023,22422,TOOTHPASTE TUBE PEN,2,12/7/2011 10:35,1.25,,United Kingdom
581023,22424,ENAMEL BREAD BIN CREAM,1,12/7/2011 10:35,24.96,,United Kingdom
581023,22428,ENAMEL FIRE BUCKET CREAM,1,12/7/2011 10:35,14.13,,United Kingdom
581023,22429,ENAMEL MEASURING JUG CREAM,1,12/7/2011 10:35,8.29,,United Kingdom
581023,22431,WATERING CAN BLUE ELEPHANT,1,12/7/2011 10:35,4.13,,United Kingdom
581023,22457,NATURAL SLATE HEART CHALKBOARD ,4,12/7/2011 10:35,5.79,,United Kingdom
581023,22469,HEART OF WICKER SMALL,3,12/7/2011 10:35,4.13,,United Kingdom
581023,22472,TV DINNER TRAY DOLLY GIRL,1,12/7/2011 10:35,10.79,,United Kingdom
581023,22499,WOODEN UNION JACK BUNTING,3,12/7/2011 10:35,8.29,,United Kingdom
581023,22507,MEMO BOARD RETROSPOT  DESIGN,4,12/7/2011 10:35,10.79,,United Kingdom
581023,22550,HOLIDAY FUN LUDO,1,12/7/2011 10:35,7.46,,United Kingdom
581023,22551,PLASTERS IN TIN SPACEBOY,1,12/7/2011 10:35,3.29,,United Kingdom
581023,22553,PLASTERS IN TIN SKULLS,1,12/7/2011 10:35,3.29,,United Kingdom
581023,22605,WOODEN CROQUET GARDEN SET,1,12/7/2011 10:35,24.96,,United Kingdom
581023,22621,TRADITIONAL KNITTING NANCY,7,12/7/2011 10:35,3.29,,United Kingdom
581023,22629,SPACEBOY LUNCH BOX ,1,12/7/2011 10:35,2.46,,United Kingdom
581023,22630,DOLLY GIRL LUNCH BOX,3,12/7/2011 10:35,2.46,,United Kingdom
581023,22644,CERAMIC CHERRY CAKE MONEY BANK,1,12/7/2011 10:35,4.13,,United Kingdom
581023,22645,CERAMIC HEART FAIRY CAKE MONEY BANK,5,12/7/2011 10:35,4.13,,United Kingdom
581023,22650,CERAMIC PIRATE CHEST MONEY BANK,1,12/7/2011 10:35,3.29,,United Kingdom
581023,22654,DELUXE SEWING KIT ,2,12/7/2011 10:35,12.46,,United Kingdom
581023,22659,LUNCH BOX I LOVE LONDON,1,12/7/2011 10:35,4.13,,United Kingdom
581023,22663,JUMBO BAG DOLLY GIRL DESIGN,1,12/7/2011 10:35,4.13,,United Kingdom
581023,22666,RECIPE BOX PANTRY YELLOW DESIGN,15,12/7/2011 10:35,5.79,,United Kingdom
581023,22680,FRENCH BLUE METAL DOOR SIGN 5,1,12/7/2011 10:35,2.46,,United Kingdom
581023,22692,DOORMAT WELCOME TO OUR HOME,1,12/7/2011 10:35,16.63,,United Kingdom
581023,22697,GREEN REGENCY TEACUP AND SAUCER,4,12/7/2011 10:35,5.79,,United Kingdom
581023,22698,PINK REGENCY TEACUP AND SAUCER,5,12/7/2011 10:35,5.79,,United Kingdom
581023,22699,ROSES REGENCY TEACUP AND SAUCER ,3,12/7/2011 10:35,5.79,,United Kingdom
581023,22720,SET OF 3 CAKE TINS PANTRY DESIGN ,6,12/7/2011 10:35,10.79,,United Kingdom
581023,22721,SET OF 3 CAKE TINS SKETCHBOOK,1,12/7/2011 10:35,10.79,,United Kingdom
581023,22728,ALARM CLOCK BAKELIKE PINK,1,12/7/2011 10:35,8.29,,United Kingdom
581023,22731,3D CHRISTMAS STAMPS STICKERS ,2,12/7/2011 10:35,1.63,,United Kingdom
581023,22732,3D VINTAGE CHRISTMAS STICKERS ,1,12/7/2011 10:35,1.63,,United Kingdom
581023,22733,3D TRADITIONAL CHRISTMAS STICKERS,2,12/7/2011 10:35,1.63,,United Kingdom
581023,22734,SET OF 6 RIBBONS VINTAGE CHRISTMAS,6,12/7/2011 10:35,5.79,,United Kingdom
581023,22739,RIBBON REEL CHRISTMAS SOCK BAUBLE,4,12/7/2011 10:35,4.13,,United Kingdom
581023,22755,SMALL PURPLE BABUSHKA NOTEBOOK ,1,12/7/2011 10:35,1.63,,United Kingdom
581023,22776,SWEETHEART 3 TIER CAKE STAND ,3,12/7/2011 10:35,19.96,,United Kingdom
581023,22795,SWEETHEART RECIPE BOOK STAND,2,12/7/2011 10:35,13.29,,United Kingdom
581023,22813,PACK 3 BOXES BIRD PANETTONE ,3,12/7/2011 10:35,4.13,,United Kingdom
581023,22838,3 TIER CAKE TIN RED AND CREAM,1,12/7/2011 10:35,29.17,,United Kingdom
581023,22844,VINTAGE CREAM DOG FOOD CONTAINER,1,12/7/2011 10:35,16.63,,United Kingdom
581023,22865,HAND WARMER OWL DESIGN,1,12/7/2011 10:35,4.96,,United Kingdom
581023,22866,HAND WARMER SCOTTY DOG DESIGN,2,12/7/2011 10:35,4.13,,United Kingdom
581023,22867,HAND WARMER BIRD DESIGN,1,12/7/2011 10:35,4.96,,United Kingdom
581023,22891,TEA FOR ONE POLKADOT,2,12/7/2011 10:35,8.29,,United Kingdom
581023,22900,SET 2 TEA TOWELS I LOVE LONDON ,4,12/7/2011 10:35,4.13,,United Kingdom
581023,22936,BAKING MOULD ROSE WHITE CHOCOLATE,1,12/7/2011 10:35,6.63,,United Kingdom
581023,22941,CHRISTMAS LIGHTS 10 REINDEER,1,12/7/2011 10:35,16.63,,United Kingdom
581023,22952,60 CAKE CASES VINTAGE CHRISTMAS,13,12/7/2011 10:35,1.25,,United Kingdom
581023,22960,JAM MAKING SET WITH JARS,5,12/7/2011 10:35,8.29,,United Kingdom
581023,22961,JAM MAKING SET PRINTED,7,12/7/2011 10:35,3.29,,United Kingdom
581023,22964,3 PIECE SPACEBOY COOKIE CUTTER SET,1,12/7/2011 10:35,4.13,,United Kingdom
581023,22975,SPACEBOY CHILDRENS EGG CUP,1,12/7/2011 10:35,2.46,,United Kingdom
581023,22993,SET OF 4 PANTRY JELLY MOULDS,1,12/7/2011 10:35,3.29,,United Kingdom
581023,22998,TRAVEL CARD WALLET KEEP CALM,3,12/7/2011 10:35,0.83,,United Kingdom
581023,23000,TRAVEL CARD WALLET TRANSPORT,1,12/7/2011 10:35,0.83,,United Kingdom
581023,23013,GLASS APOTHECARY BOTTLE TONIC,1,12/7/2011 10:35,8.29,,United Kingdom
581023,23014,GLASS APOTHECARY BOTTLE ELIXIR,1,12/7/2011 10:35,8.29,,United Kingdom
581023,23045,PAPER LANTERN 5 POINT STAR MOON ,1,12/7/2011 10:35,8.29,,United Kingdom
581023,23080,RED METAL BOX TOP SECRET,2,12/7/2011 10:35,16.63,,United Kingdom
581023,23083,SET 6 PAPER TABLE LANTERN STARS ,1,12/7/2011 10:35,7.5,,United Kingdom
581023,23122,PARTY CHARMS 50 PIECES,1,12/7/2011 10:35,1.67,,United Kingdom
581023,23158,SET OF 5 LUCKY CAT MAGNETS ,1,12/7/2011 10:35,4.13,,United Kingdom
581023,23163,REGENCY SUGAR TONGS,1,12/7/2011 10:35,4.96,,United Kingdom
581023,23170,REGENCY TEA PLATE ROSES ,7,12/7/2011 10:35,3.29,,United Kingdom
581023,23171,REGENCY TEA PLATE GREEN ,3,12/7/2011 10:35,3.29,,United Kingdom
581023,23172,REGENCY TEA PLATE PINK,7,12/7/2011 10:35,3.29,,United Kingdom
581023,23174,REGENCY SUGAR BOWL GREEN,1,12/7/2011 10:35,8.29,,United Kingdom
581023,23175,REGENCY MILK JUG PINK ,1,12/7/2011 10:35,7.46,,United Kingdom
581023,23182,TOILET SIGN OCCUPIED OR VACANT,3,12/7/2011 10:35,2.5,,United Kingdom
581023,23194,GYMKHANA TREASURE BOOK BOX,1,12/7/2011 10:35,4.58,,United Kingdom
581023,23197,SKETCHBOOK MAGNETIC SHOPPING LIST,1,12/7/2011 10:35,3.29,,United Kingdom
581023,23199,JUMBO BAG APPLES,7,12/7/2011 10:35,4.13,,United Kingdom
581023,23201,JUMBO BAG ALPHABET,2,12/7/2011 10:35,4.13,,United Kingdom
581023,23236,STORAGE TIN VINTAGE DOILY ,1,12/7/2011 10:35,5.79,,United Kingdom
581023,23241,TREASURE TIN GYMKHANA DESIGN,1,12/7/2011 10:35,4.13,,United Kingdom
581023,23243,SET OF TEA COFFEE SUGAR TINS PANTRY,1,12/7/2011 10:35,10.79,,United Kingdom
581023,23245,SET OF 3 REGENCY CAKE TINS,7,12/7/2011 10:35,10.79,,United Kingdom
581023,23283,DOORMAT VINTAGE LEAF,2,12/7/2011 10:35,15.79,,United Kingdom
581023,23284,DOORMAT KEEP CALM AND COME IN,2,12/7/2011 10:35,15.79,,United Kingdom
581023,23298,SPOTTY BUNTING,1,12/7/2011 10:35,10.79,,United Kingdom
581023,23300,GARDENERS KNEELING PAD CUP OF TEA ,3,12/7/2011 10:35,3.29,,United Kingdom
581023,23301,GARDENERS KNEELING PAD KEEP CALM ,64,12/7/2011 10:35,3.29,,United Kingdom
581023,23311,VINTAGE CHRISTMAS STOCKING ,18,12/7/2011 10:35,4.96,,United Kingdom
581023,23328,SET 6 SCHOOL MILK BOTTLES IN CRATE,4,12/7/2011 10:35,7.46,,United Kingdom
581023,23344,JUMBO BAG 50'S CHRISTMAS ,3,12/7/2011 10:35,4.13,,United Kingdom
581023,23349,ROLL WRAP VINTAGE CHRISTMAS,10,12/7/2011 10:35,2.46,,United Kingdom
581023,23350,ROLL WRAP VINTAGE SPOT ,4,12/7/2011 10:35,2.46,,United Kingdom
581023,23351,ROLL WRAP 50'S CHRISTMAS,20,12/7/2011 10:35,2.46,,United Kingdom
581023,23352,ROLL WRAP 50'S RED CHRISTMAS ,8,12/7/2011 10:35,2.46,,United Kingdom
581023,23353,6 GIFT TAGS VINTAGE CHRISTMAS ,10,12/7/2011 10:35,1.63,,United Kingdom
581023,23354,6 GIFT TAGS 50'S CHRISTMAS ,8,12/7/2011 10:35,1.63,,United Kingdom
581023,23365,SET 12 COLOUR PENCILS LOVE LONDON,1,12/7/2011 10:35,1.25,,United Kingdom
581023,23374,RED SPOT PAPER GIFT BAG,1,12/7/2011 10:35,1.63,,United Kingdom
581023,23382,BOX OF 6 CHRISTMAS CAKE DECORATIONS,3,12/7/2011 10:35,7.46,,United Kingdom
581023,23389,SPACEBOY MINI BACKPACK,1,12/7/2011 10:35,8.29,,United Kingdom
581023,23391, I LOVE LONDON MINI BACKPACK,2,12/7/2011 10:35,8.29,,United Kingdom
581023,23394,POSTE FRANCE CUSHION COVER,1,12/7/2011 10:35,10.79,,United Kingdom
581023,23403,LETTER HOLDER HOME SWEET HOME,1,12/7/2011 10:35,7.46,,United Kingdom
581023,23436,VINTAGE CHRISTMAS GIFT BAG LARGE ,1,12/7/2011 10:35,2.46,,United Kingdom
581023,23437, 50'S CHRISTMAS GIFT BAG LARGE,1,12/7/2011 10:35,2.46,,United Kingdom
581023,23461,SWEETHEART BIRD HOUSE,3,12/7/2011 10:35,8.29,,United Kingdom
581023,23480,MINI LIGHTS WOODLAND MUSHROOMS,1,12/7/2011 10:35,7.46,,United Kingdom
581023,23486,ANTIQUE HEART SHELF UNIT,2,12/7/2011 10:35,33.29,,United Kingdom
581023,23501,KEY RING BASEBALL BOOT UNION JACK,1,12/7/2011 10:35,2.46,,United Kingdom
581023,23504,PLAYING CARDS JUBILEE UNION JACK,1,12/7/2011 10:35,2.46,,United Kingdom
581023,23526,WALL ART DOG LICENCE ,1,12/7/2011 10:35,12.46,,United Kingdom
581023,23559,WOODLAND BUNNIES LOLLY MAKERS,1,12/7/2011 10:35,4.13,,United Kingdom
581023,23564,EGG CUP MILKMAID INGRID,1,12/7/2011 10:35,2.46,,United Kingdom
581023,23566,EGG CUP MILKMAID HEIDI,2,12/7/2011 10:35,2.46,,United Kingdom
581023,37340,MULTICOLOUR SPRING FLOWER MUG,6,12/7/2011 10:35,1.38,,United Kingdom
581023,48116,DOORMAT MULTICOLOUR STRIPE,2,12/7/2011 10:35,14.13,,United Kingdom
581023,48138,DOORMAT UNION FLAG,1,12/7/2011 10:35,14.13,,United Kingdom
581023,72349b,SET/6 PURPLE BUTTERFLY T-LIGHTS,4,12/7/2011 10:35,4.13,,United Kingdom
581023,72801c,4 ROSE PINK DINNER CANDLES,2,12/7/2011 10:35,2.46,,United Kingdom
581023,79321,CHILLI LIGHTS,3,12/7/2011 10:35,12.46,,United Kingdom
581023,82001s,SILVER RECORD COVER FRAME,3,12/7/2011 10:35,7.46,,United Kingdom
581023,82482,WOODEN PICTURE FRAME WHITE FINISH,4,12/7/2011 10:35,4.96,,United Kingdom
581023,82494l,WOODEN FRAME ANTIQUE WHITE ,6,12/7/2011 10:35,8.29,,United Kingdom
581023,82551,LAUNDRY 15C METAL SIGN,1,12/7/2011 10:35,2.46,,United Kingdom
581023,82552,WASHROOM METAL SIGN,1,12/7/2011 10:35,2.46,,United Kingdom
581023,84029E,RED WOOLLY HOTTIE WHITE HEART.,6,12/7/2011 10:35,8.29,,United Kingdom
581023,84032A,CHARLIE+LOLA PINK HOT WATER BOTTLE,3,12/7/2011 10:35,5.79,,United Kingdom
581023,84032B,CHARLIE + LOLA RED HOT WATER BOTTLE,4,12/7/2011 10:35,3.29,,United Kingdom
581023,84884a,ANT WHITE WIRE HEART SPIRAL,2,12/7/2011 10:35,8.29,,United Kingdom
581023,84970l,SINGLE HEART ZINC T-LIGHT HOLDER,1,12/7/2011 10:35,2.08,,United Kingdom
581023,84970s,HANGING HEART ZINC T-LIGHT HOLDER,4,12/7/2011 10:35,2.08,,United Kingdom
581023,84997d,CHILDRENS CUTLERY POLKADOT PINK,1,12/7/2011 10:35,8.29,,United Kingdom
581023,85038,6 CHOCOLATE LOVE HEART T-LIGHTS,1,12/7/2011 10:35,4.13,,United Kingdom
581023,85049a,TRADITIONAL CHRISTMAS RIBBONS,9,12/7/2011 10:35,3.29,,United Kingdom
581023,85049e,SCANDINAVIAN REDS RIBBONS,2,12/7/2011 10:35,3.29,,United Kingdom
581023,85066,CREAM SWEETHEART MINI CHEST,1,12/7/2011 10:35,24.96,,United Kingdom
581023,85099B,JUMBO BAG RED RETROSPOT,9,12/7/2011 10:35,4.13,,United Kingdom
581023,85099C,JUMBO  BAG BAROQUE BLACK WHITE,4,12/7/2011 10:35,4.13,,United Kingdom
581023,85123a,WHITE HANGING HEART T-LIGHT HOLDER,2,12/7/2011 10:35,6.63,,United Kingdom
581023,85174,S/4 CACTI CANDLES,1,12/7/2011 10:35,10.79,,United Kingdom
581023,DOT,DOTCOM POSTAGE,1,12/7/2011 10:35,1861.46,,United Kingdom
581027,23583,LUNCH BAG PAISLEY PARK  ,10,12/7/2011 10:43,1.65,17091,United Kingdom
581027,23581,JUMBO BAG PAISLEY PARK,10,12/7/2011 10:43,2.08,17091,United Kingdom
581027,23582,VINTAGE DOILY JUMBO BAG RED ,10,12/7/2011 10:43,2.08,17091,United Kingdom
581027,21929,JUMBO BAG PINK VINTAGE PAISLEY,10,12/7/2011 10:43,2.08,17091,United Kingdom
581027,21928,JUMBO BAG SCANDINAVIAN BLUE PAISLEY,10,12/7/2011 10:43,2.08,17091,United Kingdom
581027,21931,JUMBO STORAGE BAG SUKI,10,12/7/2011 10:43,2.08,17091,United Kingdom
581027,22411,JUMBO SHOPPER VINTAGE RED PAISLEY,10,12/7/2011 10:43,2.08,17091,United Kingdom
581027,22385,JUMBO BAG SPACEBOY DESIGN,10,12/7/2011 10:43,2.08,17091,United Kingdom
581027,22663,JUMBO BAG DOLLY GIRL DESIGN,10,12/7/2011 10:43,2.08,17091,United Kingdom
581027,22386,JUMBO BAG PINK POLKADOT,10,12/7/2011 10:43,2.08,17091,United Kingdom
581027,23199,JUMBO BAG APPLES,10,12/7/2011 10:43,2.08,17091,United Kingdom
581027,23202,JUMBO BAG VINTAGE LEAF,10,12/7/2011 10:43,2.08,17091,United Kingdom
581027,23203,JUMBO BAG VINTAGE DOILY ,10,12/7/2011 10:43,2.08,17091,United Kingdom
581027,85099F,JUMBO BAG STRAWBERRY,10,12/7/2011 10:43,2.08,17091,United Kingdom
581027,85099B,JUMBO BAG RED RETROSPOT,10,12/7/2011 10:43,2.08,17091,United Kingdom
581027,22112,CHOCOLATE HOT WATER BOTTLE,6,12/7/2011 10:43,4.95,17091,United Kingdom
581027,22111,SCOTTIE DOG HOT WATER BOTTLE,6,12/7/2011 10:43,4.95,17091,United Kingdom
581027,21485,RETROSPOT HEART HOT WATER BOTTLE,3,12/7/2011 10:43,4.95,17091,United Kingdom
581027,22114,HOT WATER BOTTLE TEA AND SYMPATHY,4,12/7/2011 10:43,4.25,17091,United Kingdom
581027,21479,WHITE SKULL HOT WATER BOTTLE ,4,12/7/2011 10:43,4.25,17091,United Kingdom
581027,23356,LOVE HOT WATER BOTTLE,3,12/7/2011 10:43,5.95,17091,United Kingdom
581027,84029G,KNITTED UNION FLAG HOT WATER BOTTLE,4,12/7/2011 10:43,4.25,17091,United Kingdom
581034,22086,PAPER CHAIN KIT 50'S CHRISTMAS ,40,12/7/2011 10:48,2.55,17049,United Kingdom
581034,20724,RED RETROSPOT CHARLOTTE BAG,10,12/7/2011 10:48,0.85,17049,United Kingdom
581034,20719,WOODLAND CHARLOTTE BAG,10,12/7/2011 10:48,0.85,17049,United Kingdom
581034,21931,JUMBO STORAGE BAG SUKI,10,12/7/2011 10:48,2.08,17049,United Kingdom
581034,23344,JUMBO BAG 50'S CHRISTMAS ,10,12/7/2011 10:48,2.08,17049,United Kingdom
581034,23582,VINTAGE DOILY JUMBO BAG RED ,10,12/7/2011 10:48,2.08,17049,United Kingdom
581034,23343,JUMBO BAG VINTAGE CHRISTMAS ,10,12/7/2011 10:48,2.08,17049,United Kingdom
581034,23203,JUMBO BAG VINTAGE DOILY ,10,12/7/2011 10:48,2.08,17049,United Kingdom
581034,23583,LUNCH BAG PAISLEY PARK  ,10,12/7/2011 10:48,1.65,17049,United Kingdom
581034,22578,WOODEN STAR CHRISTMAS SCANDINAVIAN,24,12/7/2011 10:48,0.29,17049,United Kingdom
581034,22581,WOOD STOCKING CHRISTMAS SCANDISPOT,24,12/7/2011 10:48,0.29,17049,United Kingdom
581034,20726,LUNCH BAG WOODLAND,10,12/7/2011 10:48,1.65,17049,United Kingdom
581034,22383,LUNCH BAG SUKI DESIGN ,10,12/7/2011 10:48,1.65,17049,United Kingdom
581034,22112,CHOCOLATE HOT WATER BOTTLE,3,12/7/2011 10:48,4.95,17049,United Kingdom
581034,22114,HOT WATER BOTTLE TEA AND SYMPATHY,4,12/7/2011 10:48,4.25,17049,United Kingdom
581034,23356,LOVE HOT WATER BOTTLE,3,12/7/2011 10:48,5.95,17049,United Kingdom
581034,23499,SET 12 VINTAGE DOILY CHALK ,24,12/7/2011 10:48,0.42,17049,United Kingdom
581034,22507,MEMO BOARD RETROSPOT  DESIGN,4,12/7/2011 10:48,4.95,17049,United Kingdom
581034,22726,ALARM CLOCK BAKELIKE GREEN,4,12/7/2011 10:48,3.75,17049,United Kingdom
581034,22727,ALARM CLOCK BAKELIKE RED ,4,12/7/2011 10:48,3.75,17049,United Kingdom
581057,22086,PAPER CHAIN KIT 50'S CHRISTMAS ,12,12/7/2011 11:03,2.95,16817,United Kingdom
581057,22112,CHOCOLATE HOT WATER BOTTLE,6,12/7/2011 11:03,4.95,16817,United Kingdom
581057,23407,SET OF 2 TRAYS HOME SWEET HOME,2,12/7/2011 11:03,9.95,16817,United Kingdom
581057,22144,CHRISTMAS CRAFT LITTLE FRIENDS,6,12/7/2011 11:03,2.1,16817,United Kingdom
581057,22784,LANTERN CREAM GAZEBO ,3,12/7/2011 11:03,4.95,16817,United Kingdom
581057,21703,BAG 125g SWIRLY MARBLES,12,12/7/2011 11:03,0.42,16817,United Kingdom
581057,23405,HOME SWEET HOME 2 DRAWER CABINET,4,12/7/2011 11:03,4.95,16817,United Kingdom
581057,22464,HANGING METAL HEART LANTERN,12,12/7/2011 11:03,0.79,16817,United Kingdom
581057,22465,HANGING METAL STAR LANTERN,12,12/7/2011 11:03,0.79,16817,United Kingdom
581057,22743,MAKE YOUR OWN FLOWERPOWER CARD KIT,12,12/7/2011 11:03,0.79,16817,United Kingdom
581057,22742,MAKE YOUR OWN PLAYTIME CARD KIT,12,12/7/2011 11:03,0.79,16817,United Kingdom
581057,23139,SINGLE WIRE HOOK PINK HEART,24,12/7/2011 11:03,0.39,16817,United Kingdom
581057,23417,BATHROOM HOOK,12,12/7/2011 11:03,0.39,16817,United Kingdom
581057,23415,HOME SWEET HOME HOOK,12,12/7/2011 11:03,0.39,16817,United Kingdom
581057,84707A,SILVER JEWELLED MIRROR TRINKET TRAY,12,12/7/2011 11:03,1.95,16817,United Kingdom
581058,22694,WICKER STAR ,12,12/7/2011 11:06,2.1,15969,United Kingdom
581058,22763,KEY CABINET MA CAMPAGNE,4,12/7/2011 11:06,9.95,15969,United Kingdom
581058,22762,CUPBOARD 3 DRAWER MA CAMPAGNE,4,12/7/2011 11:06,14.95,15969,United Kingdom
581058,20839,FRENCH PAISLEY CUSHION COVER ,12,12/7/2011 11:06,0.85,15969,United Kingdom
581059,23349,ROLL WRAP VINTAGE CHRISTMAS,12,12/7/2011 11:12,1.25,13267,United Kingdom
581059,22730,ALARM CLOCK BAKELIKE IVORY,4,12/7/2011 11:12,3.75,13267,United Kingdom
581059,22627,MINT KITCHEN SCALES,2,12/7/2011 11:12,8.5,13267,United Kingdom
581059,22423,REGENCY CAKESTAND 3 TIER,2,12/7/2011 11:12,12.75,13267,United Kingdom
581059,22690,DOORMAT HOME SWEET HOME BLUE ,4,12/7/2011 11:12,8.25,13267,United Kingdom
581059,22699,ROSES REGENCY TEACUP AND SAUCER ,6,12/7/2011 11:12,2.95,13267,United Kingdom
581059,79321,CHILLI LIGHTS,4,12/7/2011 11:12,5.75,13267,United Kingdom
581059,22910,PAPER CHAIN KIT VINTAGE CHRISTMAS,6,12/7/2011 11:12,2.95,13267,United Kingdom
581059,21137,BLACK RECORD COVER FRAME,4,12/7/2011 11:12,3.75,13267,United Kingdom
581059,23290,SPACEBOY CHILDRENS BOWL,8,12/7/2011 11:12,1.25,13267,United Kingdom
581059,23292,SPACEBOY CHILDRENS CUP,8,12/7/2011 11:12,1.25,13267,United Kingdom
581059,22150,3 STRIPEY MICE FELTCRAFT,6,12/7/2011 11:12,1.95,13267,United Kingdom
581059,23439,HAND WARMER RED LOVE HEART,12,12/7/2011 11:12,2.1,13267,United Kingdom
581059,22867,HAND WARMER BIRD DESIGN,24,12/7/2011 11:12,2.1,13267,United Kingdom
581059,23168,CLASSIC CAFE SUGAR DISPENSER,12,12/7/2011 11:12,1.25,13267,United Kingdom
581064,84946,ANTIQUE SILVER T-LIGHT GLASS,12,12/7/2011 11:16,1.25,13882,United Kingdom
581064,21285,RETROSPOT CANDLE  MEDIUM,12,12/7/2011 11:16,0.39,13882,United Kingdom
581064,21592,RETROSPOT CIGAR BOX MATCHES ,48,12/7/2011 11:16,0.39,13882,United Kingdom
581064,22217,T-LIGHT HOLDER HANGING LACE,24,12/7/2011 11:16,0.39,13882,United Kingdom
581064,22596,CHRISTMAS STAR WISH LIST CHALKBOARD,12,12/7/2011 11:16,0.39,13882,United Kingdom
581064,22638,SET OF 4 NAPKIN CHARMS CROWNS ,32,12/7/2011 11:16,0.79,13882,United Kingdom
581064,22639,SET OF 4 NAPKIN CHARMS HEARTS,32,12/7/2011 11:16,0.79,13882,United Kingdom
581064,22643,SET OF 4 NAPKIN CHARMS LEAVES   ,32,12/7/2011 11:16,0.79,13882,United Kingdom
581064,22642,SET OF 4 NAPKIN CHARMS STARS   ,32,12/7/2011 11:16,0.79,13882,United Kingdom
581064,23106,ZINC HEARTS PLANT POT HOLDER,16,12/7/2011 11:16,0.79,13882,United Kingdom
581064,21822,GLITTER CHRISTMAS TREE WITH BELLS,12,12/7/2011 11:16,0.79,13882,United Kingdom
581064,21810,CHRISTMAS HANGING STAR WITH BELL,24,12/7/2011 11:16,0.39,13882,United Kingdom
581064,22338,STAR DECORATION PAINTED ZINC ,24,12/7/2011 11:16,0.19,13882,United Kingdom
581064,22581,WOOD STOCKING CHRISTMAS SCANDISPOT,12,12/7/2011 11:16,0.29,13882,United Kingdom
581068,23232,WRAP VINTAGE LEAF DESIGN,25,12/7/2011 11:26,0.42,16191,United Kingdom
581068,22798,ANTIQUE GLASS DRESSING TABLE POT,12,12/7/2011 11:26,2.95,16191,United Kingdom
581068,71477,COLOURED GLASS STAR T-LIGHT HOLDER,24,12/7/2011 11:26,3.29,16191,United Kingdom
581068,22952,60 CAKE CASES VINTAGE CHRISTMAS,36,12/7/2011 11:26,0.55,16191,United Kingdom
581068,23275,SET OF 3 HANGING OWLS OLLIE BEAK,80,12/7/2011 11:26,1.25,16191,United Kingdom
581074,22970,LONDON BUS COFFEE MUG,6,12/7/2011 11:27,2.55,15568,United Kingdom
581074,22633,HAND WARMER UNION JACK,15,12/7/2011 11:27,2.1,15568,United Kingdom
581074,23505,PLAYING CARDS I LOVE LONDON ,4,12/7/2011 11:27,1.25,15568,United Kingdom
581074,23504,PLAYING CARDS JUBILEE UNION JACK,6,12/7/2011 11:27,1.25,15568,United Kingdom
581074,23503,PLAYING CARDS KEEP CALM & CARRY ON,4,12/7/2011 11:27,1.25,15568,United Kingdom
581074,22659,LUNCH BOX I LOVE LONDON,3,12/7/2011 11:27,1.95,15568,United Kingdom
581074,22997,TRAVEL CARD WALLET UNION JACK,24,12/7/2011 11:27,0.42,15568,United Kingdom
581074,22998,TRAVEL CARD WALLET KEEP CALM,24,12/7/2011 11:27,0.42,15568,United Kingdom
581074,23005,TRAVEL CARD WALLET I LOVE LONDON,24,12/7/2011 11:27,0.42,15568,United Kingdom
581074,22616,PACK OF 12 LONDON TISSUES ,12,12/7/2011 11:27,0.39,15568,United Kingdom
581074,22900,SET 2 TEA TOWELS I LOVE LONDON ,10,12/7/2011 11:27,3.25,15568,United Kingdom
581074,23391, I LOVE LONDON MINI BACKPACK,4,12/7/2011 11:27,4.15,15568,United Kingdom
581074,23238,SET OF 4 KNICK KNACK TINS LONDON ,6,12/7/2011 11:27,4.15,15568,United Kingdom
581074,23355,HOT WATER BOTTLE KEEP CALM,24,12/7/2011 11:27,4.15,15568,United Kingdom
581074,22112,CHOCOLATE HOT WATER BOTTLE,4,12/7/2011 11:27,4.95,15568,United Kingdom
581074,84029G,KNITTED UNION FLAG HOT WATER BOTTLE,8,12/7/2011 11:27,4.25,15568,United Kingdom
581074,23357,HOT WATER BOTTLE SEX BOMB,2,12/7/2011 11:27,1.65,15568,United Kingdom
C581071,85099C,JUMBO  BAG BAROQUE BLACK WHITE,-1,12/7/2011 11:27,2.08,12375,Finland
581095,23320,GIANT 50'S CHRISTMAS CRACKER,3,12/7/2011 11:35,1.25,17238,United Kingdom
581095,22086,PAPER CHAIN KIT 50'S CHRISTMAS ,4,12/7/2011 11:35,2.95,17238,United Kingdom
581095,23437, 50'S CHRISTMAS GIFT BAG LARGE,4,12/7/2011 11:35,1.25,17238,United Kingdom
581095,23351,ROLL WRAP 50'S CHRISTMAS,2,12/7/2011 11:35,1.25,17238,United Kingdom
581095,17003,BROCADE RING PURSE ,34,12/7/2011 11:35,0.39,17238,United Kingdom
581095,22940,FELTCRAFT CHRISTMAS FAIRY,6,12/7/2011 11:35,4.25,17238,United Kingdom
581095,22750,FELTCRAFT PRINCESS LOLA DOLL,5,12/7/2011 11:35,3.75,17238,United Kingdom
581095,22749,FELTCRAFT PRINCESS CHARLOTTE DOLL,5,12/7/2011 11:35,3.75,17238,United Kingdom
581095,23084,RABBIT NIGHT LIGHT,5,12/7/2011 11:35,2.08,17238,United Kingdom
581095,23313,VINTAGE CHRISTMAS BUNTING,4,12/7/2011 11:35,4.95,17238,United Kingdom
581095,85034B,3 WHITE CHOC MORRIS BOXED CANDLES,4,12/7/2011 11:35,1.25,17238,United Kingdom
581095,23344,JUMBO BAG 50'S CHRISTMAS ,2,12/7/2011 11:35,2.08,17238,United Kingdom
581096,23240,SET OF 4 KNICK KNACK TINS DOILY ,6,12/7/2011 11:36,4.15,17412,United Kingdom
581096,23203,JUMBO BAG VINTAGE DOILY ,10,12/7/2011 11:36,2.08,17412,United Kingdom
581096,23209,LUNCH BAG VINTAGE DOILY ,10,12/7/2011 11:36,1.65,17412,United Kingdom
581096,23480,MINI LIGHTS WOODLAND MUSHROOMS,4,12/7/2011 11:36,3.75,17412,United Kingdom
581096,21731,RED TOADSTOOL LED NIGHT LIGHT,12,12/7/2011 11:36,1.65,17412,United Kingdom
581096,22086,PAPER CHAIN KIT 50'S CHRISTMAS ,6,12/7/2011 11:36,2.95,17412,United Kingdom
581096,20725,LUNCH BAG RED RETROSPOT,10,12/7/2011 11:36,1.65,17412,United Kingdom
581096,21481,FAWN BLUE HOT WATER BOTTLE,4,12/7/2011 11:36,3.75,17412,United Kingdom
581096,21914,BLUE HARMONICA IN BOX ,12,12/7/2011 11:36,1.25,17412,United Kingdom
581096,22867,HAND WARMER BIRD DESIGN,12,12/7/2011 11:36,2.1,17412,United Kingdom
581097,22476,EMPIRE UNION JACK TV DINNER TRAY,600,12/7/2011 11:41,1.95,13685,United Kingdom
581098,23467,VINTAGE ZINC PLANTER  ,6,12/7/2011 11:42,3.29,14911,EIRE
581098,22457,NATURAL SLATE HEART CHALKBOARD ,6,12/7/2011 11:42,2.95,14911,EIRE
581098,23499,SET 12 VINTAGE DOILY CHALK ,24,12/7/2011 11:42,0.42,14911,EIRE
581098,22488,NATURAL SLATE RECTANGLE CHALKBOARD,12,12/7/2011 11:42,1.65,14911,EIRE
581098,22083,PAPER CHAIN KIT RETROSPOT,6,12/7/2011 11:42,2.95,14911,EIRE
581098,23453,OVAL  MINI PORTRAIT FRAME,8,12/7/2011 11:42,1.95,14911,EIRE
581098,22090,PAPER BUNTING RETROSPOT,6,12/7/2011 11:42,2.95,14911,EIRE
581098,23326,HANGING MINI COLOURED BOTTLES,48,12/7/2011 11:42,0.63,14911,EIRE
581098,21164,HOME SWEET HOME METAL SIGN ,6,12/7/2011 11:42,2.95,14911,EIRE
581098,23479,WIRE EGG BASKET ,2,12/7/2011 11:42,7.85,14911,EIRE
581098,21196,ROUND WHITE CONFETTI IN TUBE,12,12/7/2011 11:42,1.65,14911,EIRE
581098,21198,WHITE HEART CONFETTI IN TUBE,12,12/7/2011 11:42,1.65,14911,EIRE
581098,20685,DOORMAT RED RETROSPOT,10,12/7/2011 11:42,7.08,14911,EIRE
581098,22690,DOORMAT HOME SWEET HOME BLUE ,10,12/7/2011 11:42,7.08,14911,EIRE
581098,21524,DOORMAT SPOTTY HOME SWEET HOME,10,12/7/2011 11:42,7.08,14911,EIRE
581098,48129,DOORMAT TOPIARY,10,12/7/2011 11:42,7.08,14911,EIRE
581098,48184,DOORMAT ENGLISH ROSE ,10,12/7/2011 11:42,7.08,14911,EIRE
581098,22423,REGENCY CAKESTAND 3 TIER,16,12/7/2011 11:42,10.95,14911,EIRE
581098,23109,PACK OF SIX LED TEA LIGHTS,12,12/7/2011 11:42,2.89,14911,EIRE
581098,21284,RETROSPOT CANDLE  SMALL,12,12/7/2011 11:42,0.39,14911,EIRE
581098,21285,RETROSPOT CANDLE  MEDIUM,12,12/7/2011 11:42,0.39,14911,EIRE
581098,21286,RETROSPOT CANDLE  LARGE,12,12/7/2011 11:42,0.59,14911,EIRE
581098,22072,RED RETROSPOT TEA CUP AND SAUCER ,12,12/7/2011 11:42,1.25,14911,EIRE
581098,22465,HANGING METAL STAR LANTERN,12,12/7/2011 11:42,0.79,14911,EIRE
581098,22596,CHRISTMAS STAR WISH LIST CHALKBOARD,12,12/7/2011 11:42,0.39,14911,EIRE
581098,23320,GIANT 50'S CHRISTMAS CRACKER,12,12/7/2011 11:42,1.25,14911,EIRE
581098,23489,VINTAGE BELLS GARLAND,6,12/7/2011 11:42,2.89,14911,EIRE
581098,21534,DAIRY MAID LARGE MILK JUG,6,12/7/2011 11:42,4.95,14911,EIRE
581098,85014B,RED RETROSPOT UMBRELLA,6,12/7/2011 11:42,5.95,14911,EIRE
581098,35970,ZINC FOLKART SLEIGH BELLS,24,12/7/2011 11:42,1.69,14911,EIRE
581098,22601,CHRISTMAS RETROSPOT ANGEL WOOD,12,12/7/2011 11:42,0.85,14911,EIRE
581098,23058,CHRISTMAS HANGING SNOWFLAKE,12,12/7/2011 11:42,0.79,14911,EIRE
581098,23103,JINGLE BELL HEART DECORATION,24,12/7/2011 11:42,1.65,14911,EIRE
581098,22571,ROCKING HORSE RED CHRISTMAS ,12,12/7/2011 11:42,0.85,14911,EIRE
581098,23210,WHITE ROCKING HORSE HAND PAINTED,24,12/7/2011 11:42,1.25,14911,EIRE
581098,23311,VINTAGE CHRISTMAS STOCKING ,6,12/7/2011 11:42,2.55,14911,EIRE
581098,22771,CLEAR DRAWER KNOB ACRYLIC EDWARDIAN,12,12/7/2011 11:42,1.25,14911,EIRE
581098,21672,WHITE SPOT RED CERAMIC DRAWER KNOB,12,12/7/2011 11:42,1.45,14911,EIRE
581098,22774,RED DRAWER KNOB ACRYLIC EDWARDIAN,12,12/7/2011 11:42,1.25,14911,EIRE
581098,23029,DRAWER KNOB CRACKLE GLAZE GREEN,12,12/7/2011 11:42,1.65,14911,EIRE
581098,23026,DRAWER KNOB VINTAGE GLASS STAR,6,12/7/2011 11:42,2.08,14911,EIRE
581098,23035,DRAWER KNOB CERAMIC IVORY,12,12/7/2011 11:42,1.45,14911,EIRE
581098,22624,IVORY KITCHEN SCALES,2,12/7/2011 11:42,8.5,14911,EIRE
581098,22625,RED KITCHEN SCALES,2,12/7/2011 11:42,8.5,14911,EIRE
581098,22567,20 DOLLY PEGS RETROSPOT,12,12/7/2011 11:42,1.45,14911,EIRE
581098,15056BL,EDWARDIAN PARASOL BLACK,6,12/7/2011 11:42,5.95,14911,EIRE
581098,22791,T-LIGHT GLASS FLUTED ANTIQUE,12,12/7/2011 11:42,1.25,14911,EIRE
581098,23168,CLASSIC CAFE SUGAR DISPENSER,12,12/7/2011 11:42,1.25,14911,EIRE
581098,23419,HOME SWEET HOME BOTTLE ,12,12/7/2011 11:42,2.08,14911,EIRE
581098,21742,LARGE ROUND WICKER PLATTER ,4,12/7/2011 11:42,5.95,14911,EIRE
581098,22782,SET 3 WICKER STORAGE BASKETS ,2,12/7/2011 11:42,24.95,14911,EIRE
581099,23691,WRAP KEEP CALM BIRTHDAY,25,12/7/2011 11:43,0.42,18219,United Kingdom
581099,21745,GAOLERS KEYS DECORATIVE GARDEN ,8,12/7/2011 11:43,3.75,18219,United Kingdom
581099,21012,ANTIQUE ALL GLASS CANDLESTICK,12,12/7/2011 11:43,2.1,18219,United Kingdom
581099,23485,BOTANICAL GARDENS WALL CLOCK ,1,12/7/2011 11:43,25.0,18219,United Kingdom
581099,16161P,WRAP ENGLISH ROSE ,25,12/7/2011 11:43,0.42,18219,United Kingdom
581099,22704,WRAP RED APPLES ,25,12/7/2011 11:43,0.42,18219,United Kingdom
581099,23284,DOORMAT KEEP CALM AND COME IN,4,12/7/2011 11:43,8.25,18219,United Kingdom
581099,71053,WHITE MOROCCAN METAL LANTERN,4,12/7/2011 11:43,3.75,18219,United Kingdom
581099,84978,HANGING HEART JAR T-LIGHT HOLDER,12,12/7/2011 11:43,1.25,18219,United Kingdom
581099,21754,HOME BUILDING BLOCK WORD,3,12/7/2011 11:43,6.25,18219,United Kingdom
581099,82482,WOODEN PICTURE FRAME WHITE FINISH,12,12/7/2011 11:43,2.95,18219,United Kingdom
581099,84879,ASSORTED COLOUR BIRD ORNAMENT,8,12/7/2011 11:43,1.69,18219,United Kingdom
C581100,22946,WOODEN ADVENT CALENDAR CREAM,-1,12/7/2011 11:44,16.95,14534,United Kingdom
581101,23137,ZINC WIRE SWEETHEART LETTER TRAY,5,12/7/2011 11:48,1.25,17835,United Kingdom
581101,23404,HOME SWEET HOME BLACKBOARD,2,12/7/2011 11:48,4.95,17835,United Kingdom
581101,20749,ASSORTED COLOUR MINI CASES,2,12/7/2011 11:48,7.95,17835,United Kingdom
581101,17091J,VANILLA INCENSE IN TIN,3,12/7/2011 11:48,0.38,17835,United Kingdom
581101,84347,ROTATING SILVER ANGELS T-LIGHT HLDR,3,12/7/2011 11:48,2.55,17835,United Kingdom
581101,84012,MAGIC SHEEP WOOL GROWING FROM PAPER,3,12/7/2011 11:48,0.85,17835,United Kingdom
581101,23368,SET 12 COLOUR PENCILS DOLLY GIRL ,5,12/7/2011 11:48,0.65,17835,United Kingdom
581101,20973,12 PENCIL SMALL TUBE WOODLAND,4,12/7/2011 11:48,0.65,17835,United Kingdom
581101,23365,SET 12 COLOUR PENCILS LOVE LONDON,6,12/7/2011 11:48,0.65,17835,United Kingdom
581101,23302,KNEELING MAT HOUSEWORK  DESIGN,1,12/7/2011 11:48,0.79,17835,United Kingdom
581101,23301,GARDENERS KNEELING PAD KEEP CALM ,1,12/7/2011 11:48,1.65,17835,United Kingdom
581101,21620,SET OF 4 ROSE BOTANICAL CANDLES,2,12/7/2011 11:48,1.25,17835,United Kingdom
581101,21619,4 VANILLA BOTANICAL CANDLES,2,12/7/2011 11:48,1.25,17835,United Kingdom
581101,23203,JUMBO BAG VINTAGE DOILY ,4,12/7/2011 11:48,2.08,17835,United Kingdom
581101,21929,JUMBO BAG PINK VINTAGE PAISLEY,4,12/7/2011 11:48,2.08,17835,United Kingdom
581101,21928,JUMBO BAG SCANDINAVIAN BLUE PAISLEY,4,12/7/2011 11:48,2.08,17835,United Kingdom
581101,22411,JUMBO SHOPPER VINTAGE RED PAISLEY,5,12/7/2011 11:48,2.08,17835,United Kingdom
581101,23581,JUMBO BAG PAISLEY PARK,5,12/7/2011 11:48,2.08,17835,United Kingdom
581101,21408,SPOTTY PINK DUCK DOORSTOP,4,12/7/2011 11:48,1.95,17835,United Kingdom
581102,21803,,20,12/7/2011 11:57,0.0,,United Kingdom
581103,22689,,4,12/7/2011 11:58,0.0,,United Kingdom
581104,82484,WOOD BLACK BOARD ANT WHITE FINISH,6,12/7/2011 12:11,7.95,13668,United Kingdom
581104,22178,VICTORIAN GLASS HANGING T-LIGHT,18,12/7/2011 12:11,1.95,13668,United Kingdom
581104,72799E,IVORY PILLAR CANDLE SILVER FLOCK,4,12/7/2011 12:11,0.79,13668,United Kingdom
581104,72598,SET/12 TAPER CANDLES,24,12/7/2011 12:11,0.85,13668,United Kingdom
581104,23403,LETTER HOLDER HOME SWEET HOME,8,12/7/2011 12:11,3.75,13668,United Kingdom
581104,23404,HOME SWEET HOME BLACKBOARD,6,12/7/2011 12:11,4.95,13668,United Kingdom
581104,22791,T-LIGHT GLASS FLUTED ANTIQUE,12,12/7/2011 12:11,1.25,13668,United Kingdom
581104,37448,CERAMIC CAKE DESIGN SPOTTED MUG,2,12/7/2011 12:11,1.49,13668,United Kingdom
581104,21916,SET 12 RETRO WHITE CHALK STICKS,4,12/7/2011 12:11,0.42,13668,United Kingdom
581104,23439,HAND WARMER RED LOVE HEART,2,12/7/2011 12:11,2.1,13668,United Kingdom
581104,22865,HAND WARMER OWL DESIGN,2,12/7/2011 12:11,2.1,13668,United Kingdom
581104,72800E,4 IVORY DINNER CANDLES SILVER FLOCK,6,12/7/2011 12:11,0.79,13668,United Kingdom
581104,22798,ANTIQUE GLASS DRESSING TABLE POT,4,12/7/2011 12:11,2.95,13668,United Kingdom
581104,23090,VINTAGE GLASS T-LIGHT HOLDER,12,12/7/2011 12:11,0.83,13668,United Kingdom
581104,84946,ANTIQUE SILVER T-LIGHT GLASS,6,12/7/2011 12:11,1.25,13668,United Kingdom
581104,22800,ANTIQUE TALL SWIRLGLASS TRINKET POT,4,12/7/2011 12:11,3.75,13668,United Kingdom
581104,84949,SILVER HANGING T-LIGHT HOLDER,6,12/7/2011 12:11,1.65,13668,United Kingdom
581104,23078,ICE CREAM PEN LIP GLOSS ,24,12/7/2011 12:11,1.25,13668,United Kingdom
581104,23077,DOUGHNUT LIP GLOSS ,20,12/7/2011 12:11,1.25,13668,United Kingdom
581104,21754,HOME BUILDING BLOCK WORD,4,12/7/2011 12:11,6.25,13668,United Kingdom
581105,85152,HAND OVER THE CHOCOLATE   SIGN ,620,12/7/2011 12:14,1.92,16000,United Kingdom
581105,22457,NATURAL SLATE HEART CHALKBOARD ,620,12/7/2011 12:14,2.55,16000,United Kingdom
581105,22727,ALARM CLOCK BAKELIKE RED ,620,12/7/2011 12:14,2.99,16000,United Kingdom
581105,23497,CLASSIC CHROME BICYCLE BELL ,620,12/7/2011 12:14,1.38,16000,United Kingdom
581105,23498,CLASSIC BICYCLE CLIPS ,620,12/7/2011 12:14,1.38,16000,United Kingdom
581105,22961,JAM MAKING SET PRINTED,620,12/7/2011 12:14,1.38,16000,United Kingdom
581105,23552,BICYCLE PUNCTURE REPAIR KIT ,620,12/7/2011 12:14,1.86,16000,United Kingdom
C581106,23403,LETTER HOLDER HOME SWEET HOME,-1,12/7/2011 12:14,3.75,13668,United Kingdom
581107,23461,SWEETHEART BIRD HOUSE,620,12/7/2011 12:15,3.3,16000,United Kingdom
581108,23166,MEDIUM CERAMIC TOP STORAGE JAR,2,12/7/2011 12:16,1.25,15984,United Kingdom
581108,23100,SILVER BELLS TABLE DECORATION,12,12/7/2011 12:16,1.25,15984,United Kingdom
581108,35004B,SET OF 3 BLACK FLYING DUCKS,1,12/7/2011 12:16,5.45,15984,United Kingdom
581108,22113,GREY HEART HOT WATER BOTTLE,5,12/7/2011 12:16,4.25,15984,United Kingdom
581108,22086,PAPER CHAIN KIT 50'S CHRISTMAS ,4,12/7/2011 12:16,2.95,15984,United Kingdom
581108,35970,ZINC FOLKART SLEIGH BELLS,6,12/7/2011 12:16,1.69,15984,United Kingdom
581108,22217,T-LIGHT HOLDER HANGING LACE,48,12/7/2011 12:16,0.39,15984,United Kingdom
581108,22578,WOODEN STAR CHRISTMAS SCANDINAVIAN,240,12/7/2011 12:16,0.29,15984,United Kingdom
581108,23215,JINGLE BELL HEART ANTIQUE SILVER,24,12/7/2011 12:16,2.08,15984,United Kingdom
581110,23486,ANTIQUE HEART SHELF UNIT,150,12/7/2011 12:17,13.35,16000,United Kingdom
581112,23552,BICYCLE PUNCTURE REPAIR KIT ,12,12/7/2011 12:17,2.08,16678,United Kingdom
581112,23498,CLASSIC BICYCLE CLIPS ,12,12/7/2011 12:17,1.45,16678,United Kingdom
581112,23497,CLASSIC CHROME BICYCLE BELL ,12,12/7/2011 12:17,1.45,16678,United Kingdom
581112,22966,GINGERBREAD MAN COOKIE CUTTER,12,12/7/2011 12:17,1.25,16678,United Kingdom
581112,22993,SET OF 4 PANTRY JELLY MOULDS,12,12/7/2011 12:17,1.25,16678,United Kingdom
581112,84978,HANGING HEART JAR T-LIGHT HOLDER,24,12/7/2011 12:17,1.25,16678,United Kingdom
581112,71459,HANGING JAM JAR T-LIGHT HOLDERS,12,12/7/2011 12:17,0.85,16678,United Kingdom
581112,22915,ASSORTED BOTTLE TOP  MAGNETS ,24,12/7/2011 12:17,0.19,16678,United Kingdom
581112,23570,TRADITIONAL PICK UP STICKS GAME ,12,12/7/2011 12:17,1.25,16678,United Kingdom
581112,22113,GREY HEART HOT WATER BOTTLE,12,12/7/2011 12:17,4.25,16678,United Kingdom
581112,22111,SCOTTIE DOG HOT WATER BOTTLE,18,12/7/2011 12:17,4.95,16678,United Kingdom
581112,22403,MAGNETS PACK OF 4 VINTAGE LABELS ,12,12/7/2011 12:17,0.39,16678,United Kingdom
581112,22616,PACK OF 12 LONDON TISSUES ,24,12/7/2011 12:17,0.39,16678,United Kingdom
581112,35970,ZINC FOLKART SLEIGH BELLS,12,12/7/2011 12:17,1.69,16678,United Kingdom
581113,22507,MEMO BOARD RETROSPOT  DESIGN,1,12/7/2011 12:19,4.95,14534,United Kingdom
581113,85099B,JUMBO BAG RED RETROSPOT,10,12/7/2011 12:19,2.08,14534,United Kingdom
581113,20712,JUMBO BAG WOODLAND ANIMALS,10,12/7/2011 12:19,2.08,14534,United Kingdom
581113,23202,JUMBO BAG VINTAGE LEAF,10,12/7/2011 12:19,2.08,14534,United Kingdom
581113,22991,GIRAFFE WOODEN RULER,4,12/7/2011 12:19,1.95,14534,United Kingdom
581113,22992,REVOLVER WOODEN RULER ,3,12/7/2011 12:19,1.95,14534,United Kingdom
581113,84380,SET OF 3 BUTTERFLY COOKIE CUTTERS,1,12/7/2011 12:19,1.45,14534,United Kingdom
581113,84378,SET OF 3 HEART COOKIE CUTTERS,1,12/7/2011 12:19,1.45,14534,United Kingdom
581113,23084,RABBIT NIGHT LIGHT,1,12/7/2011 12:19,2.08,14534,United Kingdom
581113,23283,DOORMAT VINTAGE LEAF,1,12/7/2011 12:19,8.25,14534,United Kingdom
581113,21623,VINTAGE UNION JACK MEMOBOARD,1,12/7/2011 12:19,9.95,14534,United Kingdom
581113,84596B,SMALL DOLLY MIX DESIGN ORANGE BOWL,8,12/7/2011 12:19,0.42,14534,United Kingdom
581113,22065,CHRISTMAS PUDDING TRINKET POT ,4,12/7/2011 12:19,0.39,14534,United Kingdom
581113,84596F,SMALL MARSHMALLOWS PINK BOWL,16,12/7/2011 12:19,0.42,14534,United Kingdom
581113,20676,RED RETROSPOT BOWL,12,12/7/2011 12:19,1.25,14534,United Kingdom
581114,23344,JUMBO BAG 50'S CHRISTMAS ,2,12/7/2011 12:19,2.08,14527,United Kingdom
581114,22696,WICKER WREATH LARGE,1,12/7/2011 12:19,1.95,14527,United Kingdom
581114,22975,SPACEBOY CHILDRENS EGG CUP,2,12/7/2011 12:19,1.25,14527,United Kingdom
581114,35970,ZINC FOLKART SLEIGH BELLS,2,12/7/2011 12:19,1.69,14527,United Kingdom
581114,23342,MINT DINER WALL CLOCK,2,12/7/2011 12:19,8.5,14527,United Kingdom
581114,22795,SWEETHEART RECIPE BOOK STAND,1,12/7/2011 12:19,6.75,14527,United Kingdom
581114,22847,BREAD BIN DINER STYLE IVORY,1,12/7/2011 12:19,16.95,14527,United Kingdom
581114,22776,SWEETHEART 3 TIER CAKE STAND ,1,12/7/2011 12:19,9.95,14527,United Kingdom
581114,84968D,SET OF 16 VINTAGE RED CUTLERY,1,12/7/2011 12:19,12.75,14527,United Kingdom
581114,22424,ENAMEL BREAD BIN CREAM,1,12/7/2011 12:19,12.75,14527,United Kingdom
581114,21623,VINTAGE UNION JACK MEMOBOARD,1,12/7/2011 12:19,9.95,14527,United Kingdom
581114,22802,FAUX FUR CHOCOLATE THROW,1,12/7/2011 12:19,7.95,14527,United Kingdom
581114,22509,SEWING BOX RETROSPOT DESIGN ,1,12/7/2011 12:19,3.95,14527,United Kingdom
581114,23395,BELLE JARDINIERE CUSHION COVER,2,12/7/2011 12:19,3.75,14527,United Kingdom
581114,23394,POSTE FRANCE CUSHION COVER,1,12/7/2011 12:19,3.75,14527,United Kingdom
581114,21630,FLOOR CUSHION ELEPHANT CARNIVAL,1,12/7/2011 12:19,8.95,14527,United Kingdom
581114,23320,GIANT 50'S CHRISTMAS CRACKER,2,12/7/2011 12:19,1.25,14527,United Kingdom
581114,22605,WOODEN CROQUET GARDEN SET,2,12/7/2011 12:19,14.95,14527,United Kingdom
581114,22691,DOORMAT WELCOME SUNRISE,1,12/7/2011 12:19,8.25,14527,United Kingdom
581114,21257,VICTORIAN SEWING BOX MEDIUM,1,12/7/2011 12:19,7.95,14527,United Kingdom
581114,22846,BREAD BIN DINER STYLE RED ,4,12/7/2011 12:19,14.95,14527,United Kingdom
581114,23357,HOT WATER BOTTLE SEX BOMB,5,12/7/2011 12:19,1.65,14527,United Kingdom
581114,23355,HOT WATER BOTTLE KEEP CALM,5,12/7/2011 12:19,4.95,14527,United Kingdom
581114,21485,RETROSPOT HEART HOT WATER BOTTLE,2,12/7/2011 12:19,4.95,14527,United Kingdom
581114,84029E,RED WOOLLY HOTTIE WHITE HEART.,1,12/7/2011 12:19,4.25,14527,United Kingdom
581114,23356,LOVE HOT WATER BOTTLE,2,12/7/2011 12:19,5.95,14527,United Kingdom
581114,22111,SCOTTIE DOG HOT WATER BOTTLE,1,12/7/2011 12:19,4.95,14527,United Kingdom
581114,22835,HOT WATER BOTTLE I AM SO POORLY,2,12/7/2011 12:19,4.95,14527,United Kingdom
581114,22114,HOT WATER BOTTLE TEA AND SYMPATHY,6,12/7/2011 12:19,4.25,14527,United Kingdom
581114,21479,WHITE SKULL HOT WATER BOTTLE ,2,12/7/2011 12:19,4.25,14527,United Kingdom
581114,22112,CHOCOLATE HOT WATER BOTTLE,3,12/7/2011 12:19,4.95,14527,United Kingdom
581115,22413,METAL SIGN TAKE IT OR LEAVE IT ,1404,12/7/2011 12:20,2.75,15195,United Kingdom
581116,22142,CHRISTMAS CRAFT WHITE FAIRY ,6,12/7/2011 12:21,1.45,17232,United Kingdom
581116,22966,GINGERBREAD MAN COOKIE CUTTER,6,12/7/2011 12:21,1.25,17232,United Kingdom
581116,22081,RIBBON REEL FLORA + FAUNA ,5,12/7/2011 12:21,1.65,17232,United Kingdom
581116,22991,GIRAFFE WOODEN RULER,11,12/7/2011 12:21,1.95,17232,United Kingdom
581116,20761,BLUE PAISLEY SKETCHBOOK,1,12/7/2011 12:21,3.75,17232,United Kingdom
581116,21584,RETROSPOT SMALL TUBE MATCHES,9,12/7/2011 12:21,1.65,17232,United Kingdom
581116,21484,CHICK GREY HOT WATER BOTTLE,7,12/7/2011 12:21,4.25,17232,United Kingdom
581116,84347,ROTATING SILVER ANGELS T-LIGHT HLDR,12,12/7/2011 12:21,2.55,17232,United Kingdom
581116,23576,SNACK TRAY RED VINTAGE DOILY,5,12/7/2011 12:21,1.95,17232,United Kingdom
581116,22144,CHRISTMAS CRAFT LITTLE FRIENDS,6,12/7/2011 12:21,2.1,17232,United Kingdom
581116,23319,BOX OF 6 MINI 50'S CRACKERS,5,12/7/2011 12:21,2.49,17232,United Kingdom
581116,20761,BLUE PAISLEY SKETCHBOOK,1,12/7/2011 12:21,3.75,17232,United Kingdom
581116,23240,SET OF 4 KNICK KNACK TINS DOILY ,1,12/7/2011 12:21,4.15,17232,United Kingdom
581116,22428,ENAMEL FIRE BUCKET CREAM,1,12/7/2011 12:21,6.95,17232,United Kingdom
581116,22865,HAND WARMER OWL DESIGN,6,12/7/2011 12:21,2.1,17232,United Kingdom
581116,22726,ALARM CLOCK BAKELIKE GREEN,1,12/7/2011 12:21,3.75,17232,United Kingdom
581116,22867,HAND WARMER BIRD DESIGN,8,12/7/2011 12:21,2.1,17232,United Kingdom
581116,22727,ALARM CLOCK BAKELIKE RED ,1,12/7/2011 12:21,3.75,17232,United Kingdom
581116,23344,JUMBO BAG 50'S CHRISTMAS ,1,12/7/2011 12:21,2.08,17232,United Kingdom
C581117,22988,SOLDIERS EGG CUP ,-1,12/7/2011 12:24,1.25,16393,United Kingdom
C581117,21931,JUMBO STORAGE BAG SUKI,-1,12/7/2011 12:24,2.08,16393,United Kingdom
C581117,85099B,JUMBO BAG RED RETROSPOT,-1,12/7/2011 12:24,2.08,16393,United Kingdom
C581117,23343,JUMBO BAG VINTAGE CHRISTMAS ,-3,12/7/2011 12:24,2.08,16393,United Kingdom
C581117,22865,HAND WARMER OWL DESIGN,-1,12/7/2011 12:24,2.1,16393,United Kingdom
C581117,23238,SET OF 4 KNICK KNACK TINS LONDON ,-2,12/7/2011 12:24,4.15,16393,United Kingdom
C581117,23311,VINTAGE CHRISTMAS STOCKING ,-2,12/7/2011 12:24,2.55,16393,United Kingdom
581118,22086,PAPER CHAIN KIT 50'S CHRISTMAS ,6,12/7/2011 12:26,2.95,15136,United Kingdom
581118,22720,SET OF 3 CAKE TINS PANTRY DESIGN ,3,12/7/2011 12:26,4.95,15136,United Kingdom
581118,21466,RED FLOWER CROCHET FOOD COVER,6,12/7/2011 12:26,3.75,15136,United Kingdom
581118,22139,RETROSPOT TEA SET CERAMIC 11 PC ,3,12/7/2011 12:26,4.95,15136,United Kingdom
581118,22079,RIBBON REEL HEARTS DESIGN ,10,12/7/2011 12:26,1.65,15136,United Kingdom
581118,22081,RIBBON REEL FLORA + FAUNA ,10,12/7/2011 12:26,1.65,15136,United Kingdom
581118,22080,RIBBON REEL POLKADOTS ,10,12/7/2011 12:26,1.65,15136,United Kingdom
581118,21974,SET OF 36 PAISLEY FLOWER DOILIES,12,12/7/2011 12:26,1.45,15136,United Kingdom
581118,21977,PACK OF 60 PINK PAISLEY CAKE CASES,24,12/7/2011 12:26,0.55,15136,United Kingdom
581118,22277,COSMETIC BAG VINTAGE ROSE PAISLEY,6,12/7/2011 12:26,2.1,15136,United Kingdom
581118,20755,BLUE PAISLEY POCKET BOOK,12,12/7/2011 12:26,0.85,15136,United Kingdom
581118,22557,PLASTERS IN TIN VINTAGE PAISLEY ,12,12/7/2011 12:26,1.65,15136,United Kingdom
581118,22556,PLASTERS IN TIN CIRCUS PARADE ,12,12/7/2011 12:26,1.65,15136,United Kingdom
581119,23368,SET 12 COLOUR PENCILS DOLLY GIRL ,16,12/7/2011 12:26,0.65,15136,United Kingdom
581119,23367,SET 12 COLOUR PENCILS SPACEBOY ,16,12/7/2011 12:26,0.65,15136,United Kingdom
581119,22722,SET OF 6 SPICE TINS PANTRY DESIGN,6,12/7/2011 12:26,3.95,15136,United Kingdom
581120,21833,CAMOUFLAGE LED TORCH,12,12/7/2011 12:26,1.69,17042,United Kingdom
581120,23242,TREASURE TIN BUFFALO BILL ,12,12/7/2011 12:26,2.08,17042,United Kingdom
581120,23506,MINI PLAYING CARDS SPACEBOY ,20,12/7/2011 12:26,0.42,17042,United Kingdom
581120,21703,BAG 125g SWIRLY MARBLES,12,12/7/2011 12:26,0.42,17042,United Kingdom
581120,23084,RABBIT NIGHT LIGHT,6,12/7/2011 12:26,2.08,17042,United Kingdom
581120,23480,MINI LIGHTS WOODLAND MUSHROOMS,4,12/7/2011 12:26,3.75,17042,United Kingdom
581120,22564,ALPHABET STENCIL CRAFT,12,12/7/2011 12:26,1.25,17042,United Kingdom
581120,20982,12 PENCILS TALL TUBE SKULLS,12,12/7/2011 12:26,0.85,17042,United Kingdom
581120,20983,12 PENCILS TALL TUBE RED RETROSPOT,12,12/7/2011 12:26,0.85,17042,United Kingdom
C581121,22526,WHEELBARROW FOR CHILDREN ,-1,12/7/2011 12:28,12.75,14087,United Kingdom
581122,20724,RED RETROSPOT CHARLOTTE BAG,20,12/7/2011 12:33,0.85,12839,United Kingdom
581122,22661,CHARLOTTE BAG DOLLY GIRL DESIGN,20,12/7/2011 12:33,0.85,12839,United Kingdom
581122,20719,WOODLAND CHARLOTTE BAG,20,12/7/2011 12:33,0.85,12839,United Kingdom
581122,22355,CHARLOTTE BAG SUKI DESIGN,20,12/7/2011 12:33,0.85,12839,United Kingdom
581122,23204,CHARLOTTE BAG APPLES DESIGN,20,12/7/2011 12:33,0.85,12839,United Kingdom
581122,20723,STRAWBERRY CHARLOTTE BAG,20,12/7/2011 12:33,0.85,12839,United Kingdom
581122,22356,CHARLOTTE BAG PINK POLKADOT,20,12/7/2011 12:33,0.85,12839,United Kingdom
581122,20713,JUMBO BAG OWLS,10,12/7/2011 12:33,2.08,12839,United Kingdom
581122,85099B,JUMBO BAG RED RETROSPOT,10,12/7/2011 12:33,2.08,12839,United Kingdom
581122,85099F,JUMBO BAG STRAWBERRY,10,12/7/2011 12:33,2.08,12839,United Kingdom
581122,21931,JUMBO STORAGE BAG SUKI,10,12/7/2011 12:33,2.08,12839,United Kingdom
581122,22197,POPCORN HOLDER,48,12/7/2011 12:33,0.85,12839,United Kingdom
581122,23076,ICE CREAM SUNDAE LIP GLOSS,24,12/7/2011 12:33,1.25,12839,United Kingdom
581122,23077,DOUGHNUT LIP GLOSS ,40,12/7/2011 12:33,1.25,12839,United Kingdom
581122,20971,PINK BLUE FELT CRAFT TRINKET BOX,12,12/7/2011 12:33,1.25,12839,United Kingdom
581122,20972,PINK CREAM FELT CRAFT TRINKET BOX ,12,12/7/2011 12:33,1.25,12839,United Kingdom
581122,21232,STRAWBERRY CERAMIC TRINKET POT,12,12/7/2011 12:33,1.25,12839,United Kingdom
581122,21231,SWEETHEART CERAMIC TRINKET BOX,12,12/7/2011 12:33,1.25,12839,United Kingdom
581122,22189,CREAM HEART CARD HOLDER,12,12/7/2011 12:33,3.95,12839,United Kingdom
581122,84978,HANGING HEART JAR T-LIGHT HOLDER,24,12/7/2011 12:33,1.25,12839,United Kingdom
581122,22457,NATURAL SLATE HEART CHALKBOARD ,24,12/7/2011 12:33,2.95,12839,United Kingdom
581122,21137,BLACK RECORD COVER FRAME,8,12/7/2011 12:33,3.75,12839,United Kingdom
581122,23408,PHOTO FRAME LINEN AND LACE SMALL,6,12/7/2011 12:33,2.08,12839,United Kingdom
581122,23531,WALL ART BIG LOVE ,3,12/7/2011 12:33,6.95,12839,United Kingdom
581122,82494L,WOODEN FRAME ANTIQUE WHITE ,12,12/7/2011 12:33,2.95,12839,United Kingdom
581122,22212,FOUR HOOK  WHITE LOVEBIRDS,12,12/7/2011 12:33,2.1,12839,United Kingdom
581122,23158,SET OF 5 LUCKY CAT MAGNETS ,12,12/7/2011 12:33,2.08,12839,United Kingdom
581122,21871,SAVE THE PLANET MUG,12,12/7/2011 12:33,1.65,12839,United Kingdom
581122,21877,HOME SWEET HOME MUG,12,12/7/2011 12:33,1.65,12839,United Kingdom
581122,22699,ROSES REGENCY TEACUP AND SAUCER ,6,12/7/2011 12:33,2.95,12839,United Kingdom
581122,23480,MINI LIGHTS WOODLAND MUSHROOMS,4,12/7/2011 12:33,3.75,12839,United Kingdom
581123,21993,FLORAL FOLK STATIONERY SET,12,12/7/2011 12:34,1.25,15750,United Kingdom
581123,23581,JUMBO BAG PAISLEY PARK,10,12/7/2011 12:34,2.08,15750,United Kingdom
581123,23203,JUMBO BAG VINTAGE DOILY ,10,12/7/2011 12:34,2.08,15750,United Kingdom
581123,22633,HAND WARMER UNION JACK,12,12/7/2011 12:34,2.1,15750,United Kingdom
581123,22866,HAND WARMER SCOTTY DOG DESIGN,12,12/7/2011 12:34,2.1,15750,United Kingdom
581123,23284,DOORMAT KEEP CALM AND COME IN,2,12/7/2011 12:34,8.25,15750,United Kingdom
581123,21411,GINGHAM HEART  DOORSTOP RED,8,12/7/2011 12:34,1.95,15750,United Kingdom
581123,21705,BAG 500g SWIRLY MARBLES,24,12/7/2011 12:34,0.39,15750,United Kingdom
581123,22165,"DIAMANTE HEART SHAPED WALL MIRROR, ",6,12/7/2011 12:34,3.95,15750,United Kingdom
581123,22299,PIG KEYRING WITH LIGHT & SOUND ,48,12/7/2011 12:34,0.39,15750,United Kingdom
581123,22465,HANGING METAL STAR LANTERN,12,12/7/2011 12:34,0.79,15750,United Kingdom
581123,48138,DOORMAT UNION FLAG,2,12/7/2011 12:34,8.25,15750,United Kingdom
581123,22112,CHOCOLATE HOT WATER BOTTLE,3,12/7/2011 12:34,4.95,15750,United Kingdom
581123,23355,HOT WATER BOTTLE KEEP CALM,4,12/7/2011 12:34,4.95,15750,United Kingdom
581123,84029G,KNITTED UNION FLAG HOT WATER BOTTLE,4,12/7/2011 12:34,4.25,15750,United Kingdom
581123,22158,3 HEARTS HANGING DECORATION RUSTIC,8,12/7/2011 12:34,2.95,15750,United Kingdom
581123,23552,BICYCLE PUNCTURE REPAIR KIT ,6,12/7/2011 12:34,2.08,15750,United Kingdom
581123,21620,SET OF 4 ROSE BOTANICAL CANDLES,12,12/7/2011 12:34,1.25,15750,United Kingdom
581123,23199,JUMBO BAG APPLES,10,12/7/2011 12:34,2.08,15750,United Kingdom
C581124,21452,TOADSTOOL MONEY BOX,-4,12/7/2011 12:38,2.95,13109,United Kingdom
581125,22422,TOOTHPASTE TUBE PEN,18,12/7/2011 12:41,0.12,14087,United Kingdom
581125,21993,FLORAL FOLK STATIONERY SET,2,12/7/2011 12:41,1.25,14087,United Kingdom
581125,21990,MODERN FLORAL STATIONERY SET,1,12/7/2011 12:41,1.25,14087,United Kingdom
581125,23376,PACK OF 12 VINTAGE CHRISTMAS TISSUE,1,12/7/2011 12:41,0.39,14087,United Kingdom
581125,22554,PLASTERS IN TIN WOODLAND ANIMALS,2,12/7/2011 12:41,1.65,14087,United Kingdom
581125,23389,SPACEBOY MINI BACKPACK,1,12/7/2011 12:41,4.15,14087,United Kingdom
581125,16235,RECYCLED PENCIL WITH RABBIT ERASER,30,12/7/2011 12:41,0.21,14087,United Kingdom
581125,21219,SET/4 BADGES BALLOON GIRL,1,12/7/2011 12:41,1.25,14087,United Kingdom
581125,21220,SET/4 BADGES DOGS,1,12/7/2011 12:41,1.25,14087,United Kingdom
581125,21221,SET/4 BADGES CUTE CREATURES,1,12/7/2011 12:41,1.25,14087,United Kingdom
581125,84032B,CHARLIE + LOLA RED HOT WATER BOTTLE,1,12/7/2011 12:41,0.79,14087,United Kingdom
581125,84032A,CHARLIE+LOLA PINK HOT WATER BOTTLE,1,12/7/2011 12:41,0.79,14087,United Kingdom
581125,21327,SKULLS WRITING SET ,1,12/7/2011 12:41,1.65,14087,United Kingdom
581125,21090,SET/6 COLLAGE PAPER PLATES,4,12/7/2011 12:41,0.39,14087,United Kingdom
581125,21084,SET/6 COLLAGE PAPER CUPS,2,12/7/2011 12:41,0.19,14087,United Kingdom
581125,23597,PAPER BUNTING PAISLEY PARK,1,12/7/2011 12:41,2.95,14087,United Kingdom
581125,85034B,3 WHITE CHOC MORRIS BOXED CANDLES,3,12/7/2011 12:41,1.25,14087,United Kingdom
581125,23570,TRADITIONAL PICK UP STICKS GAME ,3,12/7/2011 12:41,1.25,14087,United Kingdom
581125,85039B,S/4 IVORY MINI ROSE CANDLE IN BOWL,1,12/7/2011 12:41,1.65,14087,United Kingdom
581125,85040A,S/4 PINK FLOWER CANDLES IN BOWL,1,12/7/2011 12:41,1.65,14087,United Kingdom
581125,85039A,SET/4 RED MINI ROSE CANDLE IN BOWL,1,12/7/2011 12:41,1.65,14087,United Kingdom
581125,23569,TRADTIONAL ALPHABET STAMP SET,1,12/7/2011 12:41,4.95,14087,United Kingdom
581125,22616,PACK OF 12 LONDON TISSUES ,1,12/7/2011 12:41,0.39,14087,United Kingdom
581125,85034B,3 WHITE CHOC MORRIS BOXED CANDLES,2,12/7/2011 12:41,1.25,14087,United Kingdom
581125,85034C,3 ROSE MORRIS BOXED CANDLES,5,12/7/2011 12:41,1.25,14087,United Kingdom
581125,22333,RETROSPOT PARTY BAG + STICKER SET,2,12/7/2011 12:41,1.65,14087,United Kingdom
581125,22331,WOODLAND PARTY BAG + STICKER SET,2,12/7/2011 12:41,1.65,14087,United Kingdom
581125,21485,RETROSPOT HEART HOT WATER BOTTLE,2,12/7/2011 12:41,4.95,14087,United Kingdom
581125,22210,WOOD STAMP SET BEST WISHES,5,12/7/2011 12:41,0.83,14087,United Kingdom
581125,21123,SET/10 IVORY POLKADOT PARTY CANDLES,1,12/7/2011 12:41,1.25,14087,United Kingdom
581125,47503H,ASS FLORAL PRINT SPIRIT LEVEL ,1,12/7/2011 12:41,0.79,14087,United Kingdom
581125,22992,REVOLVER WOODEN RULER ,1,12/7/2011 12:41,1.95,14087,United Kingdom
581125,21204,DAISIES  HONEYCOMB GARLAND ,2,12/7/2011 12:41,1.65,14087,United Kingdom
581125,17012C,ORIGAMI LAVENDER INCENSE/CANDL SET ,1,12/7/2011 12:41,0.85,14087,United Kingdom
581125,22208,WOOD STAMP SET THANK YOU,1,12/7/2011 12:41,0.83,14087,United Kingdom
581125,22210,WOOD STAMP SET BEST WISHES,4,12/7/2011 12:41,0.83,14087,United Kingdom
581125,22150,3 STRIPEY MICE FELTCRAFT,6,12/7/2011 12:41,1.95,14087,United Kingdom
581125,22940,FELTCRAFT CHRISTMAS FAIRY,1,12/7/2011 12:41,4.25,14087,United Kingdom
581125,22751,FELTCRAFT PRINCESS OLIVIA DOLL,1,12/7/2011 12:41,3.75,14087,United Kingdom
581125,23207,LUNCH BAG ALPHABET DESIGN,2,12/7/2011 12:41,1.65,14087,United Kingdom
581125,22907,PACK OF 20 NAPKINS PANTRY DESIGN,2,12/7/2011 12:41,0.85,14087,United Kingdom
581125,20972,PINK CREAM FELT CRAFT TRINKET BOX ,1,12/7/2011 12:41,1.25,14087,United Kingdom
581125,20971,PINK BLUE FELT CRAFT TRINKET BOX,2,12/7/2011 12:41,1.25,14087,United Kingdom
581125,22750,FELTCRAFT PRINCESS LOLA DOLL,1,12/7/2011 12:41,3.75,14087,United Kingdom
581125,85015,SET OF 12  VINTAGE POSTCARD SET,1,12/7/2011 12:41,0.65,14087,United Kingdom
581125,20973,12 PENCIL SMALL TUBE WOODLAND,4,12/7/2011 12:41,0.65,14087,United Kingdom
581125,23597,PAPER BUNTING PAISLEY PARK,1,12/7/2011 12:41,2.95,14087,United Kingdom
581125,21828,EIGHT PIECE SNAKE  SET,2,12/7/2011 12:41,1.25,14087,United Kingdom
581125,21084,SET/6 COLLAGE PAPER CUPS,8,12/7/2011 12:41,0.19,14087,United Kingdom
581125,22743,MAKE YOUR OWN FLOWERPOWER CARD KIT,4,12/7/2011 12:41,0.79,14087,United Kingdom
581125,22090,PAPER BUNTING RETROSPOT,2,12/7/2011 12:41,2.95,14087,United Kingdom
581125,22744,MAKE YOUR OWN MONSOON CARD KIT,4,12/7/2011 12:41,0.79,14087,United Kingdom
581125,21090,SET/6 COLLAGE PAPER PLATES,1,12/7/2011 12:41,0.39,14087,United Kingdom
581125,22210,WOOD STAMP SET BEST WISHES,8,12/7/2011 12:41,0.83,14087,United Kingdom
581125,22545,MINI JIGSAW BUNNIES,11,12/7/2011 12:41,0.19,14087,United Kingdom
581125,22540,MINI JIGSAW CIRCUS PARADE ,6,12/7/2011 12:41,0.19,14087,United Kingdom
581125,22544,MINI JIGSAW SPACEBOY,3,12/7/2011 12:41,0.19,14087,United Kingdom
581125,22554,PLASTERS IN TIN WOODLAND ANIMALS,1,12/7/2011 12:41,1.65,14087,United Kingdom
581125,22551,PLASTERS IN TIN SPACEBOY,2,12/7/2011 12:41,1.65,14087,United Kingdom
581125,22553,PLASTERS IN TIN SKULLS,1,12/7/2011 12:41,1.65,14087,United Kingdom
581125,22556,PLASTERS IN TIN CIRCUS PARADE ,2,12/7/2011 12:41,1.65,14087,United Kingdom
581125,22557,PLASTERS IN TIN VINTAGE PAISLEY ,1,12/7/2011 12:41,1.65,14087,United Kingdom
581125,22551,PLASTERS IN TIN SPACEBOY,1,12/7/2011 12:41,1.65,14087,United Kingdom
581125,16011,ANIMAL STICKERS,25,12/7/2011 12:41,0.21,14087,United Kingdom
581125,21680,WOODLAND  STICKERS,6,12/7/2011 12:41,0.85,14087,United Kingdom
581125,16216,LETTER SHAPE PENCIL SHARPENER,25,12/7/2011 12:41,0.06,14087,United Kingdom
581125,23191,BUNDLE OF 3 RETRO NOTE BOOKS,1,12/7/2011 12:41,1.65,14087,United Kingdom
581125,23192,BUNDLE OF 3 ALPHABET EXERCISE BOOKS,6,12/7/2011 12:41,1.65,14087,United Kingdom
581125,21034,REX CASH+CARRY JUMBO SHOPPER,1,12/7/2011 12:41,0.95,14087,United Kingdom
581126,22075,6 RIBBONS ELEGANT CHRISTMAS ,24,12/7/2011 12:43,0.39,18272,United Kingdom
581126,22074,6 RIBBONS SHIMMERING PINKS ,24,12/7/2011 12:43,0.39,18272,United Kingdom
581126,22076,6 RIBBONS EMPIRE  ,24,12/7/2011 12:43,0.39,18272,United Kingdom
581126,23358,HOT STUFF HOT WATER BOTTLE,18,12/7/2011 12:43,1.25,18272,United Kingdom
581126,72799C,PINK PILLAR CANDLE SILVER FLOCK,12,12/7/2011 12:43,0.79,18272,United Kingdom
581126,72799E,IVORY PILLAR CANDLE SILVER FLOCK,12,12/7/2011 12:43,0.79,18272,United Kingdom
581126,22666,RECIPE BOX PANTRY YELLOW DESIGN,6,12/7/2011 12:43,2.95,18272,United Kingdom
581126,22961,JAM MAKING SET PRINTED,12,12/7/2011 12:43,1.45,18272,United Kingdom
581126,23198,PANTRY MAGNETIC  SHOPPING LIST,12,12/7/2011 12:43,1.45,18272,United Kingdom
581126,23495,SET OF 3 PANTRY WOODEN SPOONS,12,12/7/2011 12:43,1.25,18272,United Kingdom
581126,22960,JAM MAKING SET WITH JARS,6,12/7/2011 12:43,4.25,18272,United Kingdom
581126,22722,SET OF 6 SPICE TINS PANTRY DESIGN,4,12/7/2011 12:43,3.95,18272,United Kingdom
581126,23113,PANTRY CHOPPING BOARD,3,12/7/2011 12:43,4.95,18272,United Kingdom
581126,22969,HOMEMADE JAM SCENTED CANDLES,12,12/7/2011 12:43,1.45,18272,United Kingdom
581126,22993,SET OF 4 PANTRY JELLY MOULDS,12,12/7/2011 12:43,1.25,18272,United Kingdom
581126,22966,GINGERBREAD MAN COOKIE CUTTER,12,12/7/2011 12:43,1.25,18272,United Kingdom
581126,22965,3 TRADITIONAl BISCUIT CUTTERS  SET,6,12/7/2011 12:43,2.1,18272,United Kingdom
581126,23493,VINTAGE DOILY TRAVEL SEWING KIT,10,12/7/2011 12:43,1.95,18272,United Kingdom
581126,23240,SET OF 4 KNICK KNACK TINS DOILY ,6,12/7/2011 12:43,4.15,18272,United Kingdom
581126,23236,STORAGE TIN VINTAGE DOILY ,6,12/7/2011 12:43,2.89,18272,United Kingdom
581126,23494,VINTAGE DOILY DELUXE SEWING KIT ,3,12/7/2011 12:43,5.95,18272,United Kingdom
581126,20914,SET/5 RED RETROSPOT LID GLASS BOWLS,6,12/7/2011 12:43,2.95,18272,United Kingdom
581126,84380,SET OF 3 BUTTERFLY COOKIE CUTTERS,12,12/7/2011 12:43,1.45,18272,United Kingdom
581127,BANK CHARGES,Bank Charges,1,12/7/2011 12:45,15.0,16271,United Kingdom
C581128,85099B,JUMBO BAG RED RETROSPOT,-3,12/7/2011 12:46,2.08,12785,Portugal
581129,23109,PACK OF SIX LED TEA LIGHTS,6,12/7/2011 12:48,2.89,15498,United Kingdom
581129,23321,SMALL WHITE HEART OF WICKER,12,12/7/2011 12:48,1.65,15498,United Kingdom
581129,23351,ROLL WRAP 50'S CHRISTMAS,12,12/7/2011 12:48,1.25,15498,United Kingdom
581129,23434,3 RAFFIA RIBBONS 50'S CHRISTMAS ,10,12/7/2011 12:48,0.79,15498,United Kingdom
581129,23319,BOX OF 6 MINI 50'S CRACKERS,6,12/7/2011 12:48,2.49,15498,United Kingdom
581129,22731,3D CHRISTMAS STAMPS STICKERS ,18,12/7/2011 12:48,1.25,15498,United Kingdom
581129,22732,3D VINTAGE CHRISTMAS STICKERS ,18,12/7/2011 12:48,1.25,15498,United Kingdom
581129,22733,3D TRADITIONAL CHRISTMAS STICKERS,18,12/7/2011 12:48,1.25,15498,United Kingdom
581129,23350,ROLL WRAP VINTAGE SPOT ,12,12/7/2011 12:48,1.25,15498,United Kingdom
581129,23311,VINTAGE CHRISTMAS STOCKING ,12,12/7/2011 12:48,2.55,15498,United Kingdom
581129,22436,12 COLOURED PARTY BALLOONS,20,12/7/2011 12:48,0.65,15498,United Kingdom
581129,22434,BALLOON PUMP WITH 10 BALLOONS,8,12/7/2011 12:48,1.95,15498,United Kingdom
581129,22333,RETROSPOT PARTY BAG + STICKER SET,8,12/7/2011 12:48,1.65,15498,United Kingdom
581129,22334,DINOSAUR PARTY BAG + STICKER SET,8,12/7/2011 12:48,1.65,15498,United Kingdom
581129,84077,WORLD WAR 2 GLIDERS ASSTD DESIGNS,48,12/7/2011 12:48,0.29,15498,United Kingdom
581129,21914,BLUE HARMONICA IN BOX ,12,12/7/2011 12:48,1.25,15498,United Kingdom
581129,21889,WOODEN BOX OF DOMINOES,12,12/7/2011 12:48,1.25,15498,United Kingdom
581129,21479,WHITE SKULL HOT WATER BOTTLE ,8,12/7/2011 12:48,4.25,15498,United Kingdom
581129,22114,HOT WATER BOTTLE TEA AND SYMPATHY,8,12/7/2011 12:48,4.25,15498,United Kingdom
581129,23376,PACK OF 12 VINTAGE CHRISTMAS TISSUE,24,12/7/2011 12:48,0.39,15498,United Kingdom
581129,22082,RIBBON REEL STRIPES DESIGN ,10,12/7/2011 12:48,1.65,15498,United Kingdom
581129,21672,WHITE SPOT RED CERAMIC DRAWER KNOB,12,12/7/2011 12:48,1.45,15498,United Kingdom
581129,21671,RED SPOT CERAMIC DRAWER KNOB,12,12/7/2011 12:48,1.45,15498,United Kingdom
581129,22465,HANGING METAL STAR LANTERN,12,12/7/2011 12:48,0.79,15498,United Kingdom
581129,22464,HANGING METAL HEART LANTERN,12,12/7/2011 12:48,0.79,15498,United Kingdom
581129,85123A,WHITE HANGING HEART T-LIGHT HOLDER,18,12/7/2011 12:48,2.95,15498,United Kingdom
581129,84832,ZINC WILLIE WINKIE  CANDLE STICK,12,12/7/2011 12:48,0.85,15498,United Kingdom
581129,21524,DOORMAT SPOTTY HOME SWEET HOME,10,12/7/2011 12:48,7.08,15498,United Kingdom
581129,20685,DOORMAT RED RETROSPOT,10,12/7/2011 12:48,7.08,15498,United Kingdom
581129,48138,DOORMAT UNION FLAG,10,12/7/2011 12:48,7.08,15498,United Kingdom
581129,22660,DOORMAT I LOVE LONDON,10,12/7/2011 12:48,7.08,15498,United Kingdom
581129,22178,VICTORIAN GLASS HANGING T-LIGHT,6,12/7/2011 12:48,1.95,15498,United Kingdom
581129,82484,WOOD BLACK BOARD ANT WHITE FINISH,2,12/7/2011 12:48,7.95,15498,United Kingdom
581129,22457,NATURAL SLATE HEART CHALKBOARD ,6,12/7/2011 12:48,2.95,15498,United Kingdom
581129,84879,ASSORTED COLOUR BIRD ORNAMENT,8,12/7/2011 12:48,1.69,15498,United Kingdom
581129,20963,APPLE BATH SPONGE,20,12/7/2011 12:48,1.25,15498,United Kingdom
581130,21671,RED SPOT CERAMIC DRAWER KNOB,12,12/7/2011 12:49,1.45,18237,United Kingdom
581130,22773,GREEN DRAWER KNOB ACRYLIC EDWARDIAN,12,12/7/2011 12:49,1.25,18237,United Kingdom
581130,21672,WHITE SPOT RED CERAMIC DRAWER KNOB,12,12/7/2011 12:49,1.45,18237,United Kingdom
581130,21673,WHITE SPOT BLUE CERAMIC DRAWER KNOB,12,12/7/2011 12:49,1.45,18237,United Kingdom
581130,22775,PURPLE DRAWERKNOB ACRYLIC EDWARDIAN,12,12/7/2011 12:49,1.25,18237,United Kingdom
581130,23035,DRAWER KNOB CERAMIC IVORY,6,12/7/2011 12:49,1.45,18237,United Kingdom
581130,23298,SPOTTY BUNTING,3,12/7/2011 12:49,4.95,18237,United Kingdom
581130,23088,ZINC HEART FLOWER T-LIGHT HOLDER,16,12/7/2011 12:49,1.25,18237,United Kingdom
581131,22383,LUNCH BAG SUKI DESIGN ,2,12/7/2011 12:51,1.65,16393,United Kingdom
581131,20726,LUNCH BAG WOODLAND,2,12/7/2011 12:51,1.65,16393,United Kingdom
581131,23681,LUNCH BAG RED VINTAGE DOILY,4,12/7/2011 12:51,1.65,16393,United Kingdom
581131,23311,VINTAGE CHRISTMAS STOCKING ,2,12/7/2011 12:51,2.55,16393,United Kingdom
581131,22898,CHILDRENS APRON APPLES DESIGN,2,12/7/2011 12:51,1.95,16393,United Kingdom
581131,23581,JUMBO BAG PAISLEY PARK,4,12/7/2011 12:51,2.08,16393,United Kingdom
581131,23206,LUNCH BAG APPLE DESIGN,8,12/7/2011 12:51,1.65,16393,United Kingdom
581131,23583,LUNCH BAG PAISLEY PARK  ,10,12/7/2011 12:51,1.65,16393,United Kingdom
581131,23343,JUMBO BAG VINTAGE CHRISTMAS ,3,12/7/2011 12:51,2.08,16393,United Kingdom
581131,23199,JUMBO BAG APPLES,3,12/7/2011 12:51,2.08,16393,United Kingdom
581131,22988,SOLDIERS EGG CUP ,12,12/7/2011 12:51,1.25,16393,United Kingdom
581131,22976,CIRCUS PARADE CHILDRENS EGG CUP ,12,12/7/2011 12:51,1.25,16393,United Kingdom
581131,22975,SPACEBOY CHILDRENS EGG CUP,5,12/7/2011 12:51,1.25,16393,United Kingdom
581131,23238,SET OF 4 KNICK KNACK TINS LONDON ,12,12/7/2011 12:51,4.15,16393,United Kingdom
581131,22867,HAND WARMER BIRD DESIGN,2,12/7/2011 12:51,2.1,16393,United Kingdom
581131,22834,HAND WARMER BABUSHKA DESIGN,10,12/7/2011 12:51,2.1,16393,United Kingdom
581131,22633,HAND WARMER UNION JACK,10,12/7/2011 12:51,2.1,16393,United Kingdom
581131,22866,HAND WARMER SCOTTY DOG DESIGN,5,12/7/2011 12:51,2.1,16393,United Kingdom
581131,22865,HAND WARMER OWL DESIGN,1,12/7/2011 12:51,2.1,16393,United Kingdom
581131,22632,HAND WARMER RED RETROSPOT,10,12/7/2011 12:51,2.1,16393,United Kingdom
581131,22865,HAND WARMER OWL DESIGN,8,12/7/2011 12:51,2.1,16393,United Kingdom
581131,22371,AIRLINE BAG VINTAGE TOKYO 78,13,12/7/2011 12:51,3.95,16393,United Kingdom
581132,21327,SKULLS WRITING SET ,12,12/7/2011 12:55,1.65,17590,United Kingdom
581132,84946,ANTIQUE SILVER T-LIGHT GLASS,12,12/7/2011 12:55,1.25,17590,United Kingdom
581132,85123A,WHITE HANGING HEART T-LIGHT HOLDER,8,12/7/2011 12:55,2.95,17590,United Kingdom
581132,22784,LANTERN CREAM GAZEBO ,4,12/7/2011 12:55,4.95,17590,United Kingdom
581132,21340,CLASSIC METAL BIRDCAGE PLANT HOLDER,1,12/7/2011 12:55,12.75,17590,United Kingdom
581132,84879,ASSORTED COLOUR BIRD ORNAMENT,8,12/7/2011 12:55,1.69,17590,United Kingdom
581132,23215,JINGLE BELL HEART ANTIQUE SILVER,12,12/7/2011 12:55,2.08,17590,United Kingdom
581132,23491,VINTAGE JINGLE BELLS HEART,6,12/7/2011 12:55,8.25,17590,United Kingdom
581132,23322,LARGE WHITE HEART OF WICKER,6,12/7/2011 12:55,2.95,17590,United Kingdom
581132,23332,IVORY WICKER HEART LARGE,12,12/7/2011 12:55,1.65,17590,United Kingdom
581132,22970,LONDON BUS COFFEE MUG,6,12/7/2011 12:55,2.55,17590,United Kingdom
581132,22470,HEART OF WICKER LARGE,6,12/7/2011 12:55,2.95,17590,United Kingdom
581132,22297,HEART IVORY TRELLIS SMALL,24,12/7/2011 12:55,1.25,17590,United Kingdom
581132,84949,SILVER HANGING T-LIGHT HOLDER,6,12/7/2011 12:55,1.65,17590,United Kingdom
581132,23445,ICE CREAM BUBBLES,20,12/7/2011 12:55,0.83,17590,United Kingdom
581132,23444,Next Day Carriage,1,12/7/2011 12:55,15.0,17590,United Kingdom
581133,16225,RATTLE SNAKE EGGS,48,12/7/2011 12:55,0.39,14904,United Kingdom
581133,20931,BLUE POT PLANT CANDLE ,12,12/7/2011 12:55,1.25,14904,United Kingdom
581133,20932,PINK POT PLANT CANDLE,12,12/7/2011 12:55,1.25,14904,United Kingdom
581133,21705,BAG 500g SWIRLY MARBLES,24,12/7/2011 12:55,0.39,14904,United Kingdom
581133,22064,PINK DOUGHNUT TRINKET POT ,48,12/7/2011 12:55,0.39,14904,United Kingdom
581133,22074,6 RIBBONS SHIMMERING PINKS ,24,12/7/2011 12:55,0.39,14904,United Kingdom
581133,22069,BROWN  PIRATE TREASURE CHEST ,48,12/7/2011 12:55,0.39,14904,United Kingdom
581133,22076,6 RIBBONS EMPIRE  ,24,12/7/2011 12:55,0.39,14904,United Kingdom
581133,22319,HAIRCLIPS FORTIES FABRIC ASSORTED,36,12/7/2011 12:55,0.19,14904,United Kingdom
581133,22380,TOY TIDY SPACEBOY  ,20,12/7/2011 12:55,0.79,14904,United Kingdom
581133,22422,TOOTHPASTE TUBE PEN,50,12/7/2011 12:55,0.12,14904,United Kingdom
581133,22438,BALLOON ART MAKE YOUR OWN FLOWERS,50,12/7/2011 12:55,0.39,14904,United Kingdom
581133,22500,SET OF 2 TINS JARDIN DE PROVENCE,6,12/7/2011 12:55,1.25,14904,United Kingdom
581133,22509,SEWING BOX RETROSPOT DESIGN ,4,12/7/2011 12:55,3.95,14904,United Kingdom
581133,22646,CERAMIC STRAWBERRY CAKE MONEY BANK,36,12/7/2011 12:55,0.39,14904,United Kingdom
581133,22664,TOY TIDY DOLLY GIRL DESIGN,20,12/7/2011 12:55,0.79,14904,United Kingdom
581133,22695,WICKER WREATH SMALL,24,12/7/2011 12:55,0.59,14904,United Kingdom
581133,22744,MAKE YOUR OWN MONSOON CARD KIT,12,12/7/2011 12:55,0.79,14904,United Kingdom
581133,22915,ASSORTED BOTTLE TOP  MAGNETS ,24,12/7/2011 12:55,0.19,14904,United Kingdom
581133,84826,ASSTD DESIGN 3D PAPER STICKERS,32,12/7/2011 12:55,0.19,14904,United Kingdom
581133,21933,PINK VINTAGE PAISLEY PICNIC BAG,10,12/7/2011 12:55,1.65,14904,United Kingdom
581133,22266,EASTER DECORATION HANGING BUNNY,64,12/7/2011 12:55,0.19,14904,United Kingdom
581133,22610,PENS ASSORTED FUNNY FACE,72,12/7/2011 12:55,0.19,14904,United Kingdom
581133,22513,DOORSTOP FOOTBALL DESIGN,8,12/7/2011 12:55,0.79,14904,United Kingdom
581133,84509E,SET OF 4 CAROUSEL PLACEMATS ,12,12/7/2011 12:55,0.79,14904,United Kingdom
581133,21564,PINK  HEART SHAPE LOVE BUCKET ,24,12/7/2011 12:55,0.79,14904,United Kingdom
581133,16258A,SWIRLY CIRCULAR RUBBERS IN BAG,36,12/7/2011 12:55,0.19,14904,United Kingdom
581133,22124,SET OF 2 TEA TOWELS PING MICROWAVE,12,12/7/2011 12:55,0.79,14904,United Kingdom
581133,22123,PING MICROWAVE APRON,12,12/7/2011 12:55,0.79,14904,United Kingdom
581133,84806A,PINK CANDYSTUFT ARTIFICIAL FLOWER,24,12/7/2011 12:55,0.39,14904,United Kingdom
581133,21209,MULTICOLOUR HONEYCOMB FAN,12,12/7/2011 12:55,0.39,14904,United Kingdom
581133,21650,ASSORTED TUTTI FRUTTI BRACELET,24,12/7/2011 12:55,0.19,14904,United Kingdom
581133,85212,MINI PAINTED GARDEN DECORATION ,24,12/7/2011 12:55,0.29,14904,United Kingdom
581133,90030B,RED KUKUI COCONUT SEED NECKLACE,6,12/7/2011 12:55,1.0,14904,United Kingdom
581133,22411,JUMBO SHOPPER VINTAGE RED PAISLEY,20,12/7/2011 12:55,2.08,14904,United Kingdom
581133,22065,CHRISTMAS PUDDING TRINKET POT ,288,12/7/2011 12:55,0.39,14904,United Kingdom
581133,22608,PENS ASSORTED FUNKY JEWELED ,36,12/7/2011 12:55,0.19,14904,United Kingdom
581133,35964,FOLKART CLIP ON STARS,12,12/7/2011 12:55,0.39,14904,United Kingdom
581133,22596,CHRISTMAS STAR WISH LIST CHALKBOARD,24,12/7/2011 12:55,0.39,14904,United Kingdom
581133,22343,PARTY PIZZA DISH RED RETROSPOT,24,12/7/2011 12:55,0.19,14904,United Kingdom
581133,22510,GINGHAM BABUSHKA DOORSTOP,8,12/7/2011 12:55,0.79,14904,United Kingdom
581133,22755,SMALL PURPLE BABUSHKA NOTEBOOK ,24,12/7/2011 12:55,0.21,14904,United Kingdom
581133,22754,SMALL RED BABUSHKA NOTEBOOK ,24,12/7/2011 12:55,0.21,14904,United Kingdom
581133,85173,SET/6 FROG PRINCE T-LIGHT CANDLES,12,12/7/2011 12:55,0.79,14904,United Kingdom
581133,21932,SCANDINAVIAN PAISLEY PICNIC BAG,10,12/7/2011 12:55,1.65,14904,United Kingdom
581133,90210C,RED   ACRYLIC FACETED BANGLE,10,12/7/2011 12:55,1.0,14904,United Kingdom
581133,23084,RABBIT NIGHT LIGHT,6,12/7/2011 12:55,2.08,14904,United Kingdom
581134,17003,BROCADE RING PURSE ,36,12/7/2011 13:12,0.39,16368,United Kingdom
581134,23434,3 RAFFIA RIBBONS 50'S CHRISTMAS ,1,12/7/2011 13:12,0.79,16368,United Kingdom
581134,22905,CALENDAR IN SEASON DESIGN,1,12/7/2011 13:12,1.25,16368,United Kingdom
581134,23154,SET OF 4 JAM JAR MAGNETS,1,12/7/2011 13:12,2.08,16368,United Kingdom
581134,23060,HEART BEADED TRELLIS DECORATION,2,12/7/2011 13:12,2.08,16368,United Kingdom
581134,23576,SNACK TRAY RED VINTAGE DOILY,1,12/7/2011 13:12,1.95,16368,United Kingdom
581134,23561,SET OF 6 RIBBONS PARTY,2,12/7/2011 13:12,2.89,16368,United Kingdom
581134,23562,SET OF 6 RIBBONS PERFECTLY PRETTY  ,1,12/7/2011 13:12,2.89,16368,United Kingdom
581134,35471D,SET OF 3 BIRD LIGHT PINK FEATHER ,3,12/7/2011 13:12,0.39,16368,United Kingdom
581134,85049E,SCANDINAVIAN REDS RIBBONS,2,12/7/2011 13:12,1.25,16368,United Kingdom
581134,22734,SET OF 6 RIBBONS VINTAGE CHRISTMAS,3,12/7/2011 13:12,2.89,16368,United Kingdom
581134,23435,3 RAFFIA RIBBONS VINTAGE CHRISTMAS,3,12/7/2011 13:12,0.79,16368,United Kingdom
581134,23434,3 RAFFIA RIBBONS 50'S CHRISTMAS ,5,12/7/2011 13:12,0.79,16368,United Kingdom
581134,23562,SET OF 6 RIBBONS PERFECTLY PRETTY  ,1,12/7/2011 13:12,2.89,16368,United Kingdom
581134,23560,SET OF 6 RIBBONS COUNTRY STYLE,1,12/7/2011 13:12,2.89,16368,United Kingdom
581134,85049C,ROMANTIC PINKS RIBBONS ,1,12/7/2011 13:12,1.25,16368,United Kingdom
581134,22077,6 RIBBONS RUSTIC CHARM,1,12/7/2011 13:12,1.95,16368,United Kingdom
581134,84378,SET OF 3 HEART COOKIE CUTTERS,1,12/7/2011 13:12,1.45,16368,United Kingdom
581134,22487,WHITE WOOD GARDEN PLANT LADDER,1,12/7/2011 13:12,9.95,16368,United Kingdom
581134,85049G,CHOCOLATE BOX RIBBONS ,3,12/7/2011 13:12,1.25,16368,United Kingdom
581134,21977,PACK OF 60 PINK PAISLEY CAKE CASES,1,12/7/2011 13:12,0.55,16368,United Kingdom
581134,23307,SET OF 60 PANTRY DESIGN CAKE CASES ,1,12/7/2011 13:12,0.55,16368,United Kingdom
581134,84992,72 SWEETHEART FAIRY CAKE CASES,1,12/7/2011 13:12,0.55,16368,United Kingdom
581134,23234,BISCUIT TIN VINTAGE CHRISTMAS,1,12/7/2011 13:12,2.89,16368,United Kingdom
581134,23435,3 RAFFIA RIBBONS VINTAGE CHRISTMAS,3,12/7/2011 13:12,0.79,16368,United Kingdom
581134,85049C,ROMANTIC PINKS RIBBONS ,2,12/7/2011 13:12,1.25,16368,United Kingdom
581134,23560,SET OF 6 RIBBONS COUNTRY STYLE,1,12/7/2011 13:12,2.89,16368,United Kingdom
581134,22077,6 RIBBONS RUSTIC CHARM,2,12/7/2011 13:12,1.95,16368,United Kingdom
581134,22734,SET OF 6 RIBBONS VINTAGE CHRISTMAS,5,12/7/2011 13:12,2.89,16368,United Kingdom
581134,23060,HEART BEADED TRELLIS DECORATION,6,12/7/2011 13:12,2.08,16368,United Kingdom
581134,21034,REX CASH+CARRY JUMBO SHOPPER,1,12/7/2011 13:12,0.95,16368,United Kingdom
581134,84711B,PINK OVAL SHAPE TRINKET BOX,1,12/7/2011 13:12,9.95,16368,United Kingdom
581134,21592,RETROSPOT CIGAR BOX MATCHES ,1,12/7/2011 13:12,0.39,16368,United Kingdom
581134,85049A,TRADITIONAL CHRISTMAS RIBBONS,5,12/7/2011 13:12,1.25,16368,United Kingdom
581134,84708B,PINK JEWELLED PHOTO FRAME ,1,12/7/2011 13:12,4.95,16368,United Kingdom
581134,21454,PAINTED PINK RABBIT ,6,12/7/2011 13:12,0.85,16368,United Kingdom
581134,22281,EASTER TREE YELLOW BIRDS,1,12/7/2011 13:12,5.95,16368,United Kingdom
581134,23442,12 HANGING EGGS HAND PAINTED,1,12/7/2011 13:12,2.08,16368,United Kingdom
581134,22228,BUNNY WOODEN PAINTED WITH BIRD ,3,12/7/2011 13:12,0.39,16368,United Kingdom
581134,22281,EASTER TREE YELLOW BIRDS,1,12/7/2011 13:12,5.95,16368,United Kingdom
581134,84707B,PINK JEWELLED MIRROR TRINKET TRAY,1,12/7/2011 13:12,1.95,16368,United Kingdom
581134,23251,VINTAGE RED ENAMEL TRIM MUG ,1,12/7/2011 13:12,1.25,16368,United Kingdom
581134,21455,PAINTED YELLOW WOODEN DAISY,1,12/7/2011 13:12,0.85,16368,United Kingdom
581134,23442,12 HANGING EGGS HAND PAINTED,8,12/7/2011 13:12,2.08,16368,United Kingdom
581134,23067,HANGING ENGRAVED METAL HEART,1,12/7/2011 13:12,4.15,16368,United Kingdom
581134,21455,PAINTED YELLOW WOODEN DAISY,5,12/7/2011 13:12,0.85,16368,United Kingdom
581134,23441,HAND PAINTED HANGING EASTER EGG,2,12/7/2011 13:12,0.42,16368,United Kingdom
581134,21592,RETROSPOT CIGAR BOX MATCHES ,1,12/7/2011 13:12,0.39,16368,United Kingdom
581134,23442,12 HANGING EGGS HAND PAINTED,1,12/7/2011 13:12,2.08,16368,United Kingdom
581134,21034,REX CASH+CARRY JUMBO SHOPPER,1,12/7/2011 13:12,0.95,16368,United Kingdom
581135,22699,ROSES REGENCY TEACUP AND SAUCER ,24,12/7/2011 13:14,2.55,18092,United Kingdom
581135,22697,GREEN REGENCY TEACUP AND SAUCER,24,12/7/2011 13:14,2.55,18092,United Kingdom
581135,23173,REGENCY TEAPOT ROSES ,12,12/7/2011 13:14,8.15,18092,United Kingdom
581135,23245,SET OF 3 REGENCY CAKE TINS,8,12/7/2011 13:14,4.95,18092,United Kingdom
581135,21481,FAWN BLUE HOT WATER BOTTLE,36,12/7/2011 13:14,3.39,18092,United Kingdom
581135,84029G,KNITTED UNION FLAG HOT WATER BOTTLE,24,12/7/2011 13:14,3.75,18092,United Kingdom
581135,22114,HOT WATER BOTTLE TEA AND SYMPATHY,24,12/7/2011 13:14,3.75,18092,United Kingdom
581136,79302M,"ART LIGHTS,FUNK MONKEY",20,12/7/2011 13:16,2.55,18273,United Kingdom
581137,21408,SPOTTY PINK DUCK DOORSTOP,8,12/7/2011 13:16,1.95,17434,United Kingdom
581137,22390,PAPERWEIGHT CHILDHOOD MEMORIES,12,12/7/2011 13:16,0.39,17434,United Kingdom
581137,22405,MONEY BOX POCKET MONEY DESIGN,12,12/7/2011 13:16,0.39,17434,United Kingdom
581137,22393,PAPERWEIGHT VINTAGE COLLAGE,24,12/7/2011 13:16,0.39,17434,United Kingdom
581137,22703,PINK CAT BOWL,12,12/7/2011 13:16,0.59,17434,United Kingdom
581137,84819,DANISH ROSE ROUND SEWING BOX,16,12/7/2011 13:16,0.79,17434,United Kingdom
581137,21810,CHRISTMAS HANGING STAR WITH BELL,48,12/7/2011 13:16,0.39,17434,United Kingdom
581137,22111,SCOTTIE DOG HOT WATER BOTTLE,12,12/7/2011 13:16,4.95,17434,United Kingdom
581137,22112,CHOCOLATE HOT WATER BOTTLE,12,12/7/2011 13:16,4.95,17434,United Kingdom
581137,22835,HOT WATER BOTTLE I AM SO POORLY,12,12/7/2011 13:16,4.95,17434,United Kingdom
581137,23084,RABBIT NIGHT LIGHT,12,12/7/2011 13:16,2.08,17434,United Kingdom
581137,21108,FAIRY CAKE FLANNEL ASSORTED COLOUR,18,12/7/2011 13:16,0.79,17434,United Kingdom
581137,20973,12 PENCIL SMALL TUBE WOODLAND,24,12/7/2011 13:16,0.65,17434,United Kingdom
581137,85032B,BLOSSOM IMAGES GIFT WRAP SET,12,12/7/2011 13:16,0.65,17434,United Kingdom
581137,85032C,CURIOUS IMAGES GIFT WRAP SET,12,12/7/2011 13:16,0.65,17434,United Kingdom
581138,20719,WOODLAND CHARLOTTE BAG,100,12/7/2011 13:17,0.72,12950,United Kingdom
581138,22355,CHARLOTTE BAG SUKI DESIGN,100,12/7/2011 13:17,0.72,12950,United Kingdom
581138,20724,RED RETROSPOT CHARLOTTE BAG,200,12/7/2011 13:17,0.72,12950,United Kingdom
581138,23204,CHARLOTTE BAG APPLES DESIGN,100,12/7/2011 13:17,0.72,12950,United Kingdom
581139,21166,COOK WITH WINE METAL SIGN ,48,12/7/2011 13:21,1.85,13798,United Kingdom
581139,21035,SET/2 RED RETROSPOT TEA TOWELS ,100,12/7/2011 13:21,2.75,13798,United Kingdom
581139,21231,SWEETHEART CERAMIC TRINKET BOX,72,12/7/2011 13:21,1.06,13798,United Kingdom
581139,21232,STRAWBERRY CERAMIC TRINKET POT,72,12/7/2011 13:21,1.06,13798,United Kingdom
581139,85123A,WHITE HANGING HEART T-LIGHT HOLDER,32,12/7/2011 13:21,2.55,13798,United Kingdom
581139,21109,LARGE CAKE TOWEL CHOCOLATE SPOTS,96,12/7/2011 13:21,1.95,13798,United Kingdom
581139,22064,PINK DOUGHNUT TRINKET POT ,96,12/7/2011 13:21,0.39,13798,United Kingdom
581140,23498,CLASSIC BICYCLE CLIPS ,12,12/7/2011 13:23,1.45,13870,United Kingdom
581140,47590B,PINK HAPPY BIRTHDAY BUNTING,3,12/7/2011 13:23,5.45,13870,United Kingdom
581140,22624,IVORY KITCHEN SCALES,2,12/7/2011 13:23,8.5,13870,United Kingdom
581140,22086,PAPER CHAIN KIT 50'S CHRISTMAS ,40,12/7/2011 13:23,2.55,13870,United Kingdom
581141,21544,SKULLS  WATER TRANSFER TATTOOS ,12,12/7/2011 13:35,0.85,14132,United Kingdom
581141,23310,BUBBLEGUM RING ASSORTED,36,12/7/2011 13:35,0.42,14132,United Kingdom
581141,22622,BOX OF VINTAGE ALPHABET BLOCKS,2,12/7/2011 13:35,11.95,14132,United Kingdom
581141,22493,PAINT YOUR OWN CANVAS SET,12,12/7/2011 13:35,1.65,14132,United Kingdom
581141,22561,WOODEN SCHOOL COLOURING SET,24,12/7/2011 13:35,1.65,14132,United Kingdom
581141,10135,COLOURING PENCILS BROWN TUBE,10,12/7/2011 13:35,1.25,14132,United Kingdom
581141,20969,RED FLORAL FELTCRAFT SHOULDER BAG,4,12/7/2011 13:35,3.75,14132,United Kingdom
581141,22150,3 STRIPEY MICE FELTCRAFT,12,12/7/2011 13:35,1.95,14132,United Kingdom
581141,22587,FELTCRAFT HAIRBAND RED AND BLUE,12,12/7/2011 13:35,0.85,14132,United Kingdom
581141,22750,FELTCRAFT PRINCESS LOLA DOLL,4,12/7/2011 13:35,3.75,14132,United Kingdom
581141,22813,PACK 3 BOXES BIRD PANETTONE ,12,12/7/2011 13:35,1.95,14132,United Kingdom
581141,21913,VINTAGE SEASIDE JIGSAW PUZZLES,4,12/7/2011 13:35,3.75,14132,United Kingdom
581141,22623,BOX OF VINTAGE JIGSAW BLOCKS ,3,12/7/2011 13:35,5.95,14132,United Kingdom
581141,23352,ROLL WRAP 50'S RED CHRISTMAS ,12,12/7/2011 13:35,1.25,14132,United Kingdom
581141,84826,ASSTD DESIGN 3D PAPER STICKERS,60,12/7/2011 13:35,0.19,14132,United Kingdom
581141,22743,MAKE YOUR OWN FLOWERPOWER CARD KIT,12,12/7/2011 13:35,0.79,14132,United Kingdom
581141,22744,MAKE YOUR OWN MONSOON CARD KIT,12,12/7/2011 13:35,0.79,14132,United Kingdom
581141,22742,MAKE YOUR OWN PLAYTIME CARD KIT,12,12/7/2011 13:35,0.79,14132,United Kingdom
581141,22544,MINI JIGSAW SPACEBOY,48,12/7/2011 13:35,0.19,14132,United Kingdom
581141,21726,MULTI HEARTS  STICKERS,12,12/7/2011 13:35,0.85,14132,United Kingdom
581142,23156,SET OF 5 MINI GROCERY MAGNETS,1,12/7/2011 13:38,2.08,14204,United Kingdom
581142,21012,ANTIQUE ALL GLASS CANDLESTICK,1,12/7/2011 13:38,2.1,14204,United Kingdom
581142,23148,MINIATURE ANTIQUE ROSE HOOK IVORY,1,12/7/2011 13:38,0.83,14204,United Kingdom
581142,21914,BLUE HARMONICA IN BOX ,1,12/7/2011 13:38,1.25,14204,United Kingdom
581142,22400,MAGNETS PACK OF 4 HOME SWEET HOME,1,12/7/2011 13:38,0.39,14204,United Kingdom
581142,23158,SET OF 5 LUCKY CAT MAGNETS ,1,12/7/2011 13:38,2.08,14204,United Kingdom
581142,22273,FELTCRAFT DOLL MOLLY,1,12/7/2011 13:38,2.95,14204,United Kingdom
581142,23084,RABBIT NIGHT LIGHT,1,12/7/2011 13:38,2.08,14204,United Kingdom
581142,23148,MINIATURE ANTIQUE ROSE HOOK IVORY,2,12/7/2011 13:38,0.83,14204,United Kingdom
581142,22906,12 MESSAGE CARDS WITH ENVELOPES,1,12/7/2011 13:38,1.65,14204,United Kingdom
581142,22435,SET OF 9 HEART SHAPED BALLOONS,1,12/7/2011 13:38,1.25,14204,United Kingdom
581142,22532,MAGIC DRAWING SLATE LEAP FROG ,4,12/7/2011 13:38,0.42,14204,United Kingdom
581142,22533,MAGIC DRAWING SLATE BAKE A CAKE ,5,12/7/2011 13:38,0.42,14204,United Kingdom
581142,23439,HAND WARMER RED LOVE HEART,2,12/7/2011 13:38,2.1,14204,United Kingdom
581142,22400,MAGNETS PACK OF 4 HOME SWEET HOME,1,12/7/2011 13:38,0.39,14204,United Kingdom
581142,16225,RATTLE SNAKE EGGS,2,12/7/2011 13:38,0.39,14204,United Kingdom
581142,47566,PARTY BUNTING,3,12/7/2011 13:38,4.95,14204,United Kingdom
581142,22139,RETROSPOT TEA SET CERAMIC 11 PC ,2,12/7/2011 13:38,4.95,14204,United Kingdom
581142,21034,REX CASH+CARRY JUMBO SHOPPER,3,12/7/2011 13:38,0.95,14204,United Kingdom
581142,23496,PANTRY KITCHEN THERMOMETER ,1,12/7/2011 13:38,1.25,14204,United Kingdom
581142,22112,CHOCOLATE HOT WATER BOTTLE,2,12/7/2011 13:38,4.95,14204,United Kingdom
581142,23388,WOODLAND MINI BACKPACK,2,12/7/2011 13:38,4.15,14204,United Kingdom
581142,21481,FAWN BLUE HOT WATER BOTTLE,2,12/7/2011 13:38,3.75,14204,United Kingdom
581142,22607,WOODEN ROUNDERS GARDEN SET ,1,12/7/2011 13:38,9.95,14204,United Kingdom
581142,21790,VINTAGE SNAP CARDS,1,12/7/2011 13:38,0.85,14204,United Kingdom
581142,23154,SET OF 4 JAM JAR MAGNETS,1,12/7/2011 13:38,2.08,14204,United Kingdom
581142,22906,12 MESSAGE CARDS WITH ENVELOPES,1,12/7/2011 13:38,1.65,14204,United Kingdom
581142,23439,HAND WARMER RED LOVE HEART,2,12/7/2011 13:38,2.1,14204,United Kingdom
581142,23154,SET OF 4 JAM JAR MAGNETS,1,12/7/2011 13:38,2.08,14204,United Kingdom
581142,85173,SET/6 FROG PRINCE T-LIGHT CANDLES,1,12/7/2011 13:38,0.79,14204,United Kingdom
581142,23104,IVORY CAFE HANGING LAMP ,1,12/7/2011 13:38,12.5,14204,United Kingdom
581142,21791,VINTAGE HEADS AND TAILS CARD GAME ,4,12/7/2011 13:38,1.25,14204,United Kingdom
581142,23503,PLAYING CARDS KEEP CALM & CARRY ON,2,12/7/2011 13:38,1.25,14204,United Kingdom
581142,23502,PLAYING CARDS VINTAGE DOILY ,2,12/7/2011 13:38,1.25,14204,United Kingdom
581142,20726,LUNCH BAG WOODLAND,4,12/7/2011 13:38,1.65,14204,United Kingdom
581142,22532,MAGIC DRAWING SLATE LEAP FROG ,6,12/7/2011 13:38,0.42,14204,United Kingdom
581142,22533,MAGIC DRAWING SLATE BAKE A CAKE ,5,12/7/2011 13:38,0.42,14204,United Kingdom
581142,22546,MINI JIGSAW PURDEY,2,12/7/2011 13:38,0.19,14204,United Kingdom
581142,23154,SET OF 4 JAM JAR MAGNETS,2,12/7/2011 13:38,2.08,14204,United Kingdom
581142,22722,SET OF 6 SPICE TINS PANTRY DESIGN,1,12/7/2011 13:38,3.95,14204,United Kingdom
581142,90129C,GREEN GLASS TASSLE BAG CHARM,1,12/7/2011 13:38,2.95,14204,United Kingdom
581142,90129B,TURQUOISE GLASS TASSLE BAG CHARM ,1,12/7/2011 13:38,2.95,14204,United Kingdom
581142,90129F,RED GLASS TASSLE BAG CHARM,1,12/7/2011 13:38,2.95,14204,United Kingdom
581142,90082A,DIAMANTE BOW BROOCH GREEN COLOUR,1,12/7/2011 13:38,6.35,14204,United Kingdom
581143,23249,VINTAGE RED ENAMEL TRIM PLATE,1,12/7/2011 13:46,1.65,17490,United Kingdom
581143,23250,VINTAGE RED TRIM ENAMEL BOWL ,31,12/7/2011 13:46,1.25,17490,United Kingdom
581144,22037,ROBOT BIRTHDAY CARD,24,12/7/2011 13:46,0.42,14085,United Kingdom
581144,21504,SKULLS GREETING CARD,24,12/7/2011 13:46,0.42,14085,United Kingdom
581144,21506,"FANCY FONT BIRTHDAY CARD, ",24,12/7/2011 13:46,0.42,14085,United Kingdom
581144,22716,CARD CIRCUS PARADE,24,12/7/2011 13:46,0.42,14085,United Kingdom
581144,22983,CARD BILLBOARD FONT,24,12/7/2011 13:46,0.42,14085,United Kingdom
581144,21700,BIG DOUGHNUT FRIDGE MAGNETS,3,12/7/2011 13:46,0.85,14085,United Kingdom
581144,22750,FELTCRAFT PRINCESS LOLA DOLL,2,12/7/2011 13:46,3.75,14085,United Kingdom
581144,22751,FELTCRAFT PRINCESS OLIVIA DOLL,3,12/7/2011 13:46,3.75,14085,United Kingdom
581144,23570,TRADITIONAL PICK UP STICKS GAME ,21,12/7/2011 13:46,1.25,14085,United Kingdom
581144,22568,FELTCRAFT CUSHION OWL,12,12/7/2011 13:46,3.75,14085,United Kingdom
581144,21914,BLUE HARMONICA IN BOX ,36,12/7/2011 13:46,1.25,14085,United Kingdom
581144,23229,VINTAGE DONKEY TAIL GAME ,3,12/7/2011 13:46,3.75,14085,United Kingdom
581144,21495,SKULLS AND CROSSBONES WRAP,25,12/7/2011 13:46,0.42,14085,United Kingdom
581144,21497,FANCY FONTS BIRTHDAY WRAP,25,12/7/2011 13:46,0.42,14085,United Kingdom
581144,21498,RED RETROSPOT WRAP ,25,12/7/2011 13:46,0.42,14085,United Kingdom
C581145,M,Manual,-1,12/7/2011 13:48,9.95,17490,United Kingdom
C581145,35970,ZINC FOLKART SLEIGH BELLS,-12,12/7/2011 13:48,1.69,17490,United Kingdom
C581145,23249,VINTAGE RED ENAMEL TRIM PLATE,-9,12/7/2011 13:48,1.49,17490,United Kingdom
C581145,23250,VINTAGE RED TRIM ENAMEL BOWL ,-38,12/7/2011 13:48,1.04,17490,United Kingdom
581146,23579,SNACK TRAY I LOVE LONDON,4,12/7/2011 13:53,1.95,17602,United Kingdom
581146,23319,BOX OF 6 MINI 50'S CRACKERS,3,12/7/2011 13:53,2.49,17602,United Kingdom
581146,23318,BOX OF 6 MINI VINTAGE CRACKERS,3,12/7/2011 13:53,2.49,17602,United Kingdom
581146,23311,VINTAGE CHRISTMAS STOCKING ,1,12/7/2011 13:53,2.55,17602,United Kingdom
581146,23320,GIANT 50'S CHRISTMAS CRACKER,6,12/7/2011 13:53,1.25,17602,United Kingdom
581146,23350,ROLL WRAP VINTAGE SPOT ,3,12/7/2011 13:53,1.25,17602,United Kingdom
581146,23349,ROLL WRAP VINTAGE CHRISTMAS,3,12/7/2011 13:53,1.25,17602,United Kingdom
581146,22553,PLASTERS IN TIN SKULLS,24,12/7/2011 13:53,1.65,17602,United Kingdom
581146,23084,RABBIT NIGHT LIGHT,24,12/7/2011 13:53,1.79,17602,United Kingdom
581146,84347,ROTATING SILVER ANGELS T-LIGHT HLDR,24,12/7/2011 13:53,2.55,17602,United Kingdom
581146,22942,CHRISTMAS LIGHTS 10 SANTAS ,7,12/7/2011 13:53,2.95,17602,United Kingdom
581146,23077,DOUGHNUT LIP GLOSS ,40,12/7/2011 13:53,1.25,17602,United Kingdom
581146,22732,3D VINTAGE CHRISTMAS STICKERS ,1,12/7/2011 13:53,1.25,17602,United Kingdom
581146,22653,BUTTON BOX ,2,12/7/2011 13:53,1.95,17602,United Kingdom
581146,22555,PLASTERS IN TIN STRONGMAN,10,12/7/2011 13:53,1.65,17602,United Kingdom
581146,22554,PLASTERS IN TIN WOODLAND ANIMALS,1,12/7/2011 13:53,1.65,17602,United Kingdom
581146,22551,PLASTERS IN TIN SPACEBOY,1,12/7/2011 13:53,1.65,17602,United Kingdom
581146,22556,PLASTERS IN TIN CIRCUS PARADE ,12,12/7/2011 13:53,1.65,17602,United Kingdom
581146,22557,PLASTERS IN TIN VINTAGE PAISLEY ,24,12/7/2011 13:53,1.65,17602,United Kingdom
581146,23504,PLAYING CARDS JUBILEE UNION JACK,3,12/7/2011 13:53,1.25,17602,United Kingdom
581146,22910,PAPER CHAIN KIT VINTAGE CHRISTMAS,3,12/7/2011 13:53,2.95,17602,United Kingdom
581146,22086,PAPER CHAIN KIT 50'S CHRISTMAS ,3,12/7/2011 13:53,2.95,17602,United Kingdom
581146,22732,3D VINTAGE CHRISTMAS STICKERS ,3,12/7/2011 13:53,1.25,17602,United Kingdom
581146,21679,SKULLS  STICKERS,6,12/7/2011 13:53,0.85,17602,United Kingdom
581146,23502,PLAYING CARDS VINTAGE DOILY ,3,12/7/2011 13:53,1.25,17602,United Kingdom
581146,23503,PLAYING CARDS KEEP CALM & CARRY ON,3,12/7/2011 13:53,1.25,17602,United Kingdom
581146,23493,VINTAGE DOILY TRAVEL SEWING KIT,6,12/7/2011 13:53,1.95,17602,United Kingdom
581146,22554,PLASTERS IN TIN WOODLAND ANIMALS,8,12/7/2011 13:53,1.65,17602,United Kingdom
581146,21592,RETROSPOT CIGAR BOX MATCHES ,2,12/7/2011 13:53,0.39,17602,United Kingdom
581146,22551,PLASTERS IN TIN SPACEBOY,8,12/7/2011 13:53,1.65,17602,United Kingdom
581146,23497,CLASSIC CHROME BICYCLE BELL ,6,12/7/2011 13:53,1.45,17602,United Kingdom
581146,22437,SET OF 9 BLACK SKULL BALLOONS,5,12/7/2011 13:53,0.85,17602,United Kingdom
581146,22068,BLACK PIRATE TREASURE CHEST,18,12/7/2011 13:53,0.39,17602,United Kingdom
581146,22069,BROWN  PIRATE TREASURE CHEST ,7,12/7/2011 13:53,0.39,17602,United Kingdom
581146,22632,HAND WARMER RED RETROSPOT,4,12/7/2011 13:53,2.1,17602,United Kingdom
581146,23439,HAND WARMER RED LOVE HEART,5,12/7/2011 13:53,2.1,17602,United Kingdom
581146,22633,HAND WARMER UNION JACK,2,12/7/2011 13:53,2.1,17602,United Kingdom
581146,22866,HAND WARMER SCOTTY DOG DESIGN,4,12/7/2011 13:53,2.1,17602,United Kingdom
581146,22865,HAND WARMER OWL DESIGN,4,12/7/2011 13:53,2.1,17602,United Kingdom
581146,23356,LOVE HOT WATER BOTTLE,4,12/7/2011 13:53,5.95,17602,United Kingdom
581146,22111,SCOTTIE DOG HOT WATER BOTTLE,2,12/7/2011 13:53,4.95,17602,United Kingdom
581146,22835,HOT WATER BOTTLE I AM SO POORLY,4,12/7/2011 13:53,4.95,17602,United Kingdom
581146,21479,WHITE SKULL HOT WATER BOTTLE ,1,12/7/2011 13:53,4.25,17602,United Kingdom
581146,23355,HOT WATER BOTTLE KEEP CALM,1,12/7/2011 13:53,4.95,17602,United Kingdom
581146,21843,RED RETROSPOT CAKE STAND,1,12/7/2011 13:53,10.95,17602,United Kingdom
581146,35004B,SET OF 3 BLACK FLYING DUCKS,2,12/7/2011 13:53,5.45,17602,United Kingdom
581146,22467,GUMBALL COAT RACK,3,12/7/2011 13:53,2.55,17602,United Kingdom
581146,84950,ASSORTED COLOUR T-LIGHT HOLDER,12,12/7/2011 13:53,0.65,17602,United Kingdom
581146,22560,TRADITIONAL MODELLING CLAY,6,12/7/2011 13:53,1.25,17602,United Kingdom
581146,21218,RED SPOTTY BISCUIT TIN,1,12/7/2011 13:53,3.75,17602,United Kingdom
581146,22996,TRAVEL CARD WALLET VINTAGE TICKET,24,12/7/2011 13:53,0.42,17602,United Kingdom
581146,85123A,WHITE HANGING HEART T-LIGHT HOLDER,3,12/7/2011 13:53,2.95,17602,United Kingdom
581146,21733,RED HANGING HEART T-LIGHT HOLDER,3,12/7/2011 13:53,2.95,17602,United Kingdom
581146,22804,PINK HANGING HEART T-LIGHT HOLDER,3,12/7/2011 13:53,2.95,17602,United Kingdom
581146,22809,SET OF 6 T-LIGHTS SANTA,2,12/7/2011 13:53,2.95,17602,United Kingdom
581146,23002,TRAVEL CARD WALLET SKULLS,24,12/7/2011 13:53,0.42,17602,United Kingdom
581146,22995,TRAVEL CARD WALLET SUKI,24,12/7/2011 13:53,0.42,17602,United Kingdom
581146,22999,TRAVEL CARD WALLET VINTAGE LEAF,24,12/7/2011 13:53,0.42,17602,United Kingdom
581146,23000,TRAVEL CARD WALLET TRANSPORT,24,12/7/2011 13:53,0.42,17602,United Kingdom
581146,22994,TRAVEL CARD WALLET RETROSPOT,24,12/7/2011 13:53,0.42,17602,United Kingdom
581146,22998,TRAVEL CARD WALLET KEEP CALM,24,12/7/2011 13:53,0.42,17602,United Kingdom
581146,22558,CLOTHES PEGS RETROSPOT PACK 24 ,3,12/7/2011 13:53,1.65,17602,United Kingdom
581146,84536A,ENGLISH ROSE NOTEBOOK A7 SIZE,8,12/7/2011 13:53,0.42,17602,United Kingdom
581146,20759,CHRYSANTHEMUM POCKET BOOK ,1,12/7/2011 13:53,0.85,17602,United Kingdom
581146,20758,ABSTRACT CIRCLES POCKET BOOK,1,12/7/2011 13:53,0.85,17602,United Kingdom
581146,21991,BOHEMIAN COLLAGE STATIONERY SET,3,12/7/2011 13:53,1.25,17602,United Kingdom
581146,21990,MODERN FLORAL STATIONERY SET,3,12/7/2011 13:53,1.25,17602,United Kingdom
581146,23302,KNEELING MAT HOUSEWORK  DESIGN,3,12/7/2011 13:53,0.79,17602,United Kingdom
581146,72351A,SET/6 TURQUOISE BUTTERFLY T-LIGHTS,1,12/7/2011 13:53,2.1,17602,United Kingdom
581146,72349B,SET/6 PURPLE BUTTERFLY T-LIGHTS,2,12/7/2011 13:53,2.1,17602,United Kingdom
581146,22085,PAPER CHAIN KIT SKULLS ,3,12/7/2011 13:53,2.95,17602,United Kingdom
581146,22083,PAPER CHAIN KIT RETROSPOT,3,12/7/2011 13:53,2.95,17602,United Kingdom
581146,23239,SET OF 4 KNICK KNACK TINS POPPIES,1,12/7/2011 13:53,1.65,17602,United Kingdom
581146,23240,SET OF 4 KNICK KNACK TINS DOILY ,1,12/7/2011 13:53,4.15,17602,United Kingdom
581146,23237,SET OF 4 KNICK KNACK TINS LEAF,1,12/7/2011 13:53,4.15,17602,United Kingdom
581146,72349B,SET/6 PURPLE BUTTERFLY T-LIGHTS,1,12/7/2011 13:53,2.1,17602,United Kingdom
581146,72351A,SET/6 TURQUOISE BUTTERFLY T-LIGHTS,2,12/7/2011 13:53,2.1,17602,United Kingdom
581146,72351B,SET/6 PINK  BUTTERFLY T-LIGHTS,3,12/7/2011 13:53,2.1,17602,United Kingdom
581146,23238,SET OF 4 KNICK KNACK TINS LONDON ,12,12/7/2011 13:53,4.15,17602,United Kingdom
581146,23090,VINTAGE GLASS T-LIGHT HOLDER,24,12/7/2011 13:53,0.83,17602,United Kingdom
581146,23472, NINE DRAWER OFFICE TIDY,1,12/7/2011 13:53,14.95,17602,United Kingdom
581146,21213,PACK OF 72 SKULL CAKE CASES,24,12/7/2011 13:53,0.55,17602,United Kingdom
581146,22960,JAM MAKING SET WITH JARS,1,12/7/2011 13:53,4.25,17602,United Kingdom
581146,22900,SET 2 TEA TOWELS I LOVE LONDON ,5,12/7/2011 13:53,3.25,17602,United Kingdom
581146,22988,SOLDIERS EGG CUP ,36,12/7/2011 13:53,1.25,17602,United Kingdom
581146,22909,SET OF 20 VINTAGE CHRISTMAS NAPKINS,4,12/7/2011 13:53,0.85,17602,United Kingdom
581146,21080,SET/20 RED RETROSPOT PAPER NAPKINS ,2,12/7/2011 13:53,0.85,17602,United Kingdom
581146,21989,PACK OF 20 SKULL PAPER NAPKINS,2,12/7/2011 13:53,0.85,17602,United Kingdom
581146,21035,SET/2 RED RETROSPOT TEA TOWELS ,4,12/7/2011 13:53,3.25,17602,United Kingdom
581146,22099,CARAVAN SQUARE TISSUE BOX,4,12/7/2011 13:53,0.39,17602,United Kingdom
581146,22094,RED RETROSPOT TISSUE BOX,3,12/7/2011 13:53,0.39,17602,United Kingdom
581146,23307,SET OF 60 PANTRY DESIGN CAKE CASES ,5,12/7/2011 13:53,0.55,17602,United Kingdom
581146,22417,PACK OF 60 SPACEBOY CAKE CASES,6,12/7/2011 13:53,0.55,17602,United Kingdom
581146,23308,SET OF 60 VINTAGE LEAF CAKE CASES ,5,12/7/2011 13:53,0.55,17602,United Kingdom
581146,84992,72 SWEETHEART FAIRY CAKE CASES,5,12/7/2011 13:53,0.55,17602,United Kingdom
581146,22890,NOVELTY BISCUITS CAKE STAND 3 TIER,1,12/7/2011 13:53,9.95,17602,United Kingdom
581146,21418,STARFISH SOAP DISH,1,12/7/2011 13:53,0.79,17602,United Kingdom
581146,22930,BAKING MOULD HEART MILK CHOCOLATE,3,12/7/2011 13:53,2.55,17602,United Kingdom
581146,22931,BAKING MOULD HEART WHITE CHOCOLATE,3,12/7/2011 13:53,2.55,17602,United Kingdom
581146,22616,PACK OF 12 LONDON TISSUES ,12,12/7/2011 13:53,0.39,17602,United Kingdom
581146,22615,PACK OF 12 CIRCUS PARADE TISSUES ,12,12/7/2011 13:53,0.39,17602,United Kingdom
581146,21980,PACK OF 12 RED RETROSPOT TISSUES ,12,12/7/2011 13:53,0.39,17602,United Kingdom
581146,21967,PACK OF 12 SKULL TISSUES,12,12/7/2011 13:53,0.39,17602,United Kingdom
581146,21981,PACK OF 12 WOODLAND TISSUES ,12,12/7/2011 13:53,0.39,17602,United Kingdom
581146,23381,PACK OF 12 VINTAGE LEAF TISSUES ,12,12/7/2011 13:53,0.39,17602,United Kingdom
581146,21985,PACK OF 12 HEARTS DESIGN TISSUES ,12,12/7/2011 13:53,0.39,17602,United Kingdom
581146,23309,SET OF 60 I LOVE LONDON CAKE CASES ,24,12/7/2011 13:53,0.55,17602,United Kingdom
581146,21212,PACK OF 72 RETROSPOT CAKE CASES,24,12/7/2011 13:53,0.55,17602,United Kingdom
581146,84991,60 TEATIME FAIRY CAKE CASES,6,12/7/2011 13:53,0.55,17602,United Kingdom
581146,21975,PACK OF 60 DINOSAUR CAKE CASES,6,12/7/2011 13:53,0.55,17602,United Kingdom
581146,21977,PACK OF 60 PINK PAISLEY CAKE CASES,6,12/7/2011 13:53,0.55,17602,United Kingdom
581146,20973,12 PENCIL SMALL TUBE WOODLAND,8,12/7/2011 13:53,0.65,17602,United Kingdom
581146,20974,12 PENCILS SMALL TUBE SKULL,8,12/7/2011 13:53,0.65,17602,United Kingdom
581146,20975,12 PENCILS SMALL TUBE RED RETROSPOT,8,12/7/2011 13:53,0.65,17602,United Kingdom
581146,23366,SET 12 COLOURING PENCILS DOILY,4,12/7/2011 13:53,0.65,17602,United Kingdom
581146,23367,SET 12 COLOUR PENCILS SPACEBOY ,6,12/7/2011 13:53,0.65,17602,United Kingdom
581146,23365,SET 12 COLOUR PENCILS LOVE LONDON,5,12/7/2011 13:53,0.65,17602,United Kingdom
581146,23552,BICYCLE PUNCTURE REPAIR KIT ,3,12/7/2011 13:53,2.08,17602,United Kingdom
581146,21420,OYSTER TRINKET BOX,4,12/7/2011 13:53,0.79,17602,United Kingdom
581146,21418,STARFISH SOAP DISH,3,12/7/2011 13:53,0.79,17602,United Kingdom
581147,21172,PARTY METAL SIGN ,2,12/7/2011 14:01,1.45,16426,United Kingdom
581147,21181,PLEASE ONE PERSON METAL SIGN,1,12/7/2011 14:01,2.1,16426,United Kingdom
581147,21174,POTTERING IN THE SHED METAL SIGN,1,12/7/2011 14:01,2.08,16426,United Kingdom
581147,82567,"AIRLINE LOUNGE,METAL SIGN",1,12/7/2011 14:01,2.1,16426,United Kingdom
581147,21907,I'M ON HOLIDAY METAL SIGN,1,12/7/2011 14:01,2.1,16426,United Kingdom
581147,21166,COOK WITH WINE METAL SIGN ,1,12/7/2011 14:01,2.08,16426,United Kingdom
581147,22371,AIRLINE BAG VINTAGE TOKYO 78,2,12/7/2011 14:01,4.25,16426,United Kingdom
581147,22086,PAPER CHAIN KIT 50'S CHRISTMAS ,3,12/7/2011 14:01,2.95,16426,United Kingdom
581147,22603,CHRISTMAS RETROSPOT TREE WOOD,3,12/7/2011 14:01,0.85,16426,United Kingdom
581147,22602,RETROSPOT WOODEN HEART DECORATION,3,12/7/2011 14:01,0.85,16426,United Kingdom
581147,22600,CHRISTMAS RETROSPOT STAR WOOD,3,12/7/2011 14:01,0.85,16426,United Kingdom
581147,22581,WOOD STOCKING CHRISTMAS SCANDISPOT,3,12/7/2011 14:01,0.29,16426,United Kingdom
581147,22574,HEART WOODEN CHRISTMAS DECORATION,3,12/7/2011 14:01,0.85,16426,United Kingdom
581147,23264,SET OF 3 WOODEN SLEIGH DECORATIONS,1,12/7/2011 14:01,1.25,16426,United Kingdom
581147,23265,SET OF 3 WOODEN TREE DECORATIONS,1,12/7/2011 14:01,1.25,16426,United Kingdom
581147,23263,SET OF 3 WOODEN HEART DECORATIONS,1,12/7/2011 14:01,1.25,16426,United Kingdom
581147,23266,SET OF 3 WOODEN STOCKING DECORATION,2,12/7/2011 14:01,1.25,16426,United Kingdom
581147,22599,CHRISTMAS MUSICAL ZINC STAR,3,12/7/2011 14:01,0.29,16426,United Kingdom
581147,22598,CHRISTMAS MUSICAL ZINC TREE,3,12/7/2011 14:01,0.29,16426,United Kingdom
581147,22571,ROCKING HORSE RED CHRISTMAS ,3,12/7/2011 14:01,0.85,16426,United Kingdom
581147,22597,MUSICAL ZINC HEART DECORATION ,3,12/7/2011 14:01,0.29,16426,United Kingdom
581147,23333,IVORY WICKER HEART MEDIUM,10,12/7/2011 14:01,1.25,16426,United Kingdom
581147,23332,IVORY WICKER HEART LARGE,5,12/7/2011 14:01,1.65,16426,United Kingdom
581147,23332,IVORY WICKER HEART LARGE,5,12/7/2011 14:01,1.65,16426,United Kingdom
581147,23330,DECORATIVE WICKER HEART MEDIUM,10,12/7/2011 14:01,1.25,16426,United Kingdom
581147,23331,DECORATIVE WICKER HEART SMALL,16,12/7/2011 14:01,0.63,16426,United Kingdom
581147,20728,LUNCH BAG CARS BLUE,5,12/7/2011 14:01,1.65,16426,United Kingdom
581147,22382,LUNCH BAG SPACEBOY DESIGN ,5,12/7/2011 14:01,1.65,16426,United Kingdom
581147,23583,LUNCH BAG PAISLEY PARK  ,5,12/7/2011 14:01,1.65,16426,United Kingdom
581147,22662,LUNCH BAG DOLLY GIRL DESIGN,2,12/7/2011 14:01,1.65,16426,United Kingdom
581147,20726,LUNCH BAG WOODLAND,3,12/7/2011 14:01,1.65,16426,United Kingdom
581147,22383,LUNCH BAG SUKI DESIGN ,5,12/7/2011 14:01,1.65,16426,United Kingdom
581147,23301,GARDENERS KNEELING PAD KEEP CALM ,5,12/7/2011 14:01,1.65,16426,United Kingdom
581147,23300,GARDENERS KNEELING PAD CUP OF TEA ,5,12/7/2011 14:01,1.65,16426,United Kingdom
581147,23207,LUNCH BAG ALPHABET DESIGN,5,12/7/2011 14:01,1.65,16426,United Kingdom
581147,23208,LUNCH BAG VINTAGE LEAF DESIGN,5,12/7/2011 14:01,1.65,16426,United Kingdom
581147,23209,LUNCH BAG VINTAGE DOILY ,5,12/7/2011 14:01,1.65,16426,United Kingdom
581147,23206,LUNCH BAG APPLE DESIGN,5,12/7/2011 14:01,1.65,16426,United Kingdom
581147,20727,LUNCH BAG  BLACK SKULL.,10,12/7/2011 14:01,1.65,16426,United Kingdom
581147,20725,LUNCH BAG RED RETROSPOT,5,12/7/2011 14:01,1.65,16426,United Kingdom
581147,23681,LUNCH BAG RED VINTAGE DOILY,5,12/7/2011 14:01,1.65,16426,United Kingdom
581147,22384,LUNCH BAG PINK POLKADOT,10,12/7/2011 14:01,1.65,16426,United Kingdom
C581148,22063,CERAMIC BOWL WITH STRAWBERRY DESIGN,-1,12/7/2011 14:02,2.95,12462,Spain
C581148,23247,BISCUIT TIN 50'S CHRISTMAS,-4,12/7/2011 14:02,2.89,12462,Spain
C581148,37449,CERAMIC CAKE STAND + HANGING CAKES,-1,12/7/2011 14:02,9.95,12462,Spain
C581148,22059,CERAMIC STRAWBERRY DESIGN MUG,-2,12/7/2011 14:02,1.49,12462,Spain
C581148,22057,CERAMIC PLATE STRAWBERRY DESIGN,-6,12/7/2011 14:02,1.49,12462,Spain
C581148,84817,DANISH ROSE DECORATIVE PLATE,-4,12/7/2011 14:02,2.1,12462,Spain
581149,23333,IVORY WICKER HEART MEDIUM,3,12/7/2011 14:12,1.25,15471,United Kingdom
581149,23154,SET OF 4 JAM JAR MAGNETS,1,12/7/2011 14:12,2.08,15471,United Kingdom
581149,23332,IVORY WICKER HEART LARGE,3,12/7/2011 14:12,1.65,15471,United Kingdom
581149,22195,LARGE HEART MEASURING SPOONS,2,12/7/2011 14:12,1.65,15471,United Kingdom
581149,22733,3D TRADITIONAL CHRISTMAS STICKERS,3,12/7/2011 14:12,1.25,15471,United Kingdom
581149,23353,6 GIFT TAGS VINTAGE CHRISTMAS ,2,12/7/2011 14:12,0.83,15471,United Kingdom
581149,85123A,WHITE HANGING HEART T-LIGHT HOLDER,32,12/7/2011 14:12,2.55,15471,United Kingdom
581149,22107,PIZZA PLATE IN BOX,1,12/7/2011 14:12,1.25,15471,United Kingdom
581149,22109,FULL ENGLISH BREAKFAST PLATE,2,12/7/2011 14:12,3.75,15471,United Kingdom
581149,22217,T-LIGHT HOLDER HANGING LACE,2,12/7/2011 14:12,0.39,15471,United Kingdom
581149,21733,RED HANGING HEART T-LIGHT HOLDER,6,12/7/2011 14:12,2.95,15471,United Kingdom
581149,21535,RED RETROSPOT SMALL MILK JUG,4,12/7/2011 14:12,2.55,15471,United Kingdom
581149,22199,FRYING PAN RED RETROSPOT,3,12/7/2011 14:12,1.25,15471,United Kingdom
581149,22203,MILK PAN RED RETROSPOT,3,12/7/2011 14:12,1.25,15471,United Kingdom
581149,82581,TOILET METAL SIGN,4,12/7/2011 14:12,0.55,15471,United Kingdom
581149,82580,BATHROOM METAL SIGN,4,12/7/2011 14:12,0.55,15471,United Kingdom
581149,82578,KITCHEN METAL SIGN,4,12/7/2011 14:12,0.55,15471,United Kingdom
581149,22107,PIZZA PLATE IN BOX,1,12/7/2011 14:12,1.25,15471,United Kingdom
581149,22561,WOODEN SCHOOL COLOURING SET,2,12/7/2011 14:12,1.65,15471,United Kingdom
581149,22315,200 RED + WHITE BENDY STRAWS,1,12/7/2011 14:12,1.25,15471,United Kingdom
581149,21446,12 RED ROSE PEG PLACE SETTINGS,2,12/7/2011 14:12,1.25,15471,United Kingdom
581149,23374,RED SPOT PAPER GIFT BAG,3,12/7/2011 14:12,0.82,15471,United Kingdom
581149,23154,SET OF 4 JAM JAR MAGNETS,2,12/7/2011 14:12,2.08,15471,United Kingdom
581149,23323,WHITE WICKER STAR ,1,12/7/2011 14:12,2.1,15471,United Kingdom
581149,21533,RETROSPOT LARGE MILK JUG,3,12/7/2011 14:12,4.95,15471,United Kingdom
581149,21535,RED RETROSPOT SMALL MILK JUG,2,12/7/2011 14:12,2.55,15471,United Kingdom
581149,22426,ENAMEL WASH BOWL CREAM,1,12/7/2011 14:12,3.75,15471,United Kingdom
581149,22425,ENAMEL COLANDER CREAM,1,12/7/2011 14:12,4.95,15471,United Kingdom
581149,85130B,BEADED CRYSTAL HEART GREEN LARGE,1,12/7/2011 14:12,0.79,15471,United Kingdom
581149,21212,PACK OF 72 RETROSPOT CAKE CASES,1,12/7/2011 14:12,0.55,15471,United Kingdom
581149,21591,COSY HOUR CIGAR BOX MATCHES ,2,12/7/2011 14:12,1.25,15471,United Kingdom
581149,21592,RETROSPOT CIGAR BOX MATCHES ,2,12/7/2011 14:12,0.39,15471,United Kingdom
581149,21446,12 RED ROSE PEG PLACE SETTINGS,2,12/7/2011 14:12,1.25,15471,United Kingdom
581149,23295,SET OF 12 MINI LOAF BAKING CASES,1,12/7/2011 14:12,0.83,15471,United Kingdom
581149,23501,KEY RING BASEBALL BOOT UNION JACK,6,12/7/2011 14:12,1.25,15471,United Kingdom
581149,22196,SMALL HEART MEASURING SPOONS,1,12/7/2011 14:12,0.85,15471,United Kingdom
581149,23154,SET OF 4 JAM JAR MAGNETS,3,12/7/2011 14:12,2.08,15471,United Kingdom
581149,22466,FAIRY TALE COTTAGE NIGHT LIGHT,3,12/7/2011 14:12,1.95,15471,United Kingdom
581149,85130D,BEADED CRYSTAL HEART PINK LARGE,1,12/7/2011 14:12,0.79,15471,United Kingdom
581149,85130C,BEADED CRYSTAL HEART BLUE  LARGE,1,12/7/2011 14:12,0.79,15471,United Kingdom
581149,23415,HOME SWEET HOME HOOK,3,12/7/2011 14:12,0.39,15471,United Kingdom
581149,23417,BATHROOM HOOK,6,12/7/2011 14:12,0.39,15471,United Kingdom
581149,22233,JIGSAW RABBIT AND BIRDHOUSE,1,12/7/2011 14:12,0.59,15471,United Kingdom
581149,21439,BASKET OF TOADSTOOLS,3,12/7/2011 14:12,1.25,15471,United Kingdom
581149,23416,CHAMBRE HOOK,6,12/7/2011 14:12,0.39,15471,United Kingdom
581149,22082,RIBBON REEL STRIPES DESIGN ,5,12/7/2011 14:12,1.65,15471,United Kingdom
581149,22079,RIBBON REEL HEARTS DESIGN ,2,12/7/2011 14:12,1.65,15471,United Kingdom
581149,23338,EGG FRYING PAN RED ,1,12/7/2011 14:12,2.08,15471,United Kingdom
581149,23321,SMALL WHITE HEART OF WICKER,2,12/7/2011 14:12,1.65,15471,United Kingdom
581149,22561,WOODEN SCHOOL COLOURING SET,4,12/7/2011 14:12,1.65,15471,United Kingdom
581149,22232,JIGSAW TOADSTOOLS 3 PIECE,8,12/7/2011 14:12,0.59,15471,United Kingdom
581149,22558,CLOTHES PEGS RETROSPOT PACK 24 ,3,12/7/2011 14:12,1.65,15471,United Kingdom
581149,23500,KEY RING BASEBALL BOOT ASSORTED ,20,12/7/2011 14:12,1.25,15471,United Kingdom
581149,22173,METAL 4 HOOK HANGER FRENCH CHATEAU,3,12/7/2011 14:12,3.29,15471,United Kingdom
581149,22363,GLASS JAR MARMALADE ,1,12/7/2011 14:12,2.95,15471,United Kingdom
581149,23323,WHITE WICKER STAR ,2,12/7/2011 14:12,2.1,15471,United Kingdom
581149,23115,RED APPLES CHOPPING BOARD   ,1,12/7/2011 14:12,4.95,15471,United Kingdom
581149,21080,SET/20 RED RETROSPOT PAPER NAPKINS ,3,12/7/2011 14:12,0.85,15471,United Kingdom
581149,22224,WHITE LOVEBIRD LANTERN,2,12/7/2011 14:12,2.95,15471,United Kingdom
581149,23293,SET OF 12 FAIRY CAKE BAKING CASES,1,12/7/2011 14:12,0.83,15471,United Kingdom
581149,84792,ENCHANTED BIRD COATHANGER 5 HOOK,4,12/7/2011 14:12,4.65,15471,United Kingdom
581149,22233,JIGSAW RABBIT AND BIRDHOUSE,3,12/7/2011 14:12,0.59,15471,United Kingdom
581149,72741,GRAND CHOCOLATECANDLE,9,12/7/2011 14:12,1.45,15471,United Kingdom
581149,21714,CITRONELLA CANDLE GARDEN POT,6,12/7/2011 14:12,1.25,15471,United Kingdom
581149,71053,WHITE MOROCCAN METAL LANTERN,1,12/7/2011 14:12,3.75,15471,United Kingdom
581149,71053,WHITE MOROCCAN METAL LANTERN,1,12/7/2011 14:12,3.75,15471,United Kingdom
581149,22928,YELLOW GIANT GARDEN THERMOMETER,2,12/7/2011 14:12,5.95,15471,United Kingdom
581149,22807,SET OF 6 T-LIGHTS TOADSTOOLS,6,12/7/2011 14:12,1.25,15471,United Kingdom
581149,22500,SET OF 2 TINS JARDIN DE PROVENCE,4,12/7/2011 14:12,1.25,15471,United Kingdom
581149,22171,3 HOOK PHOTO SHELF ANTIQUE WHITE,1,12/7/2011 14:12,8.5,15471,United Kingdom
581149,22807,SET OF 6 T-LIGHTS TOADSTOOLS,6,12/7/2011 14:12,1.25,15471,United Kingdom
581149,85039A,SET/4 RED MINI ROSE CANDLE IN BOWL,2,12/7/2011 14:12,1.65,15471,United Kingdom
581149,23156,SET OF 5 MINI GROCERY MAGNETS,12,12/7/2011 14:12,2.08,15471,United Kingdom
581149,23360,SET 8 CANDLES VINTAGE DOILY,2,12/7/2011 14:12,1.95,15471,United Kingdom
581149,72122,COFFEE SCENT PILLAR CANDLE,6,12/7/2011 14:12,0.95,15471,United Kingdom
581149,23099,FRENCH CARRIAGE LANTERN,1,12/7/2011 14:12,6.65,15471,United Kingdom
581149,22365,DOORMAT RESPECTABLE HOUSE,1,12/7/2011 14:12,8.25,15471,United Kingdom
581150,23084,RABBIT NIGHT LIGHT,2,12/7/2011 14:12,2.08,17266,United Kingdom
581150,23398,HANGING HEART BONHEUR,2,12/7/2011 14:12,0.85,17266,United Kingdom
581150,23399,HOME SWEET HOME HANGING HEART,2,12/7/2011 14:12,0.85,17266,United Kingdom
581150,21622,VINTAGE UNION JACK CUSHION COVER,1,12/7/2011 14:12,4.95,17266,United Kingdom
581150,22786,CUSHION COVER PINK UNION JACK,2,12/7/2011 14:12,1.25,17266,United Kingdom
581150,46000M,POLYESTER FILLER PAD 45x45cm,1,12/7/2011 14:12,1.55,17266,United Kingdom
581150,46000R,POLYESTER FILLER PAD 45x30cm,2,12/7/2011 14:12,1.45,17266,United Kingdom
581150,20781,GOLD EAR MUFF HEADPHONES,1,12/7/2011 14:12,1.95,17266,United Kingdom
C581162,84946,ANTIQUE SILVER T-LIGHT GLASS,-3,12/7/2011 14:32,1.06,14739,United Kingdom
581163,82484,WOOD BLACK BOARD ANT WHITE FINISH,36,12/7/2011 14:34,6.75,12747,United Kingdom
581163,85099C,JUMBO  BAG BAROQUE BLACK WHITE,10,12/7/2011 14:34,2.08,12747,United Kingdom
581163,85062,PEARL CRYSTAL PUMPKIN T-LIGHT HLDR,24,12/7/2011 14:34,1.65,12747,United Kingdom
581163,23581,JUMBO BAG PAISLEY PARK,10,12/7/2011 14:34,2.08,12747,United Kingdom
581163,85123A,WHITE HANGING HEART T-LIGHT HOLDER,6,12/7/2011 14:34,2.95,12747,United Kingdom
581163,82494L,WOODEN FRAME ANTIQUE WHITE ,24,12/7/2011 14:34,2.55,12747,United Kingdom
581163,82482,WOODEN PICTURE FRAME WHITE FINISH,12,12/7/2011 14:34,2.95,12747,United Kingdom
581164,37449,CERAMIC CAKE STAND + HANGING CAKES,1,12/7/2011 14:34,9.95,14395,United Kingdom
581164,23691,WRAP KEEP CALM BIRTHDAY,25,12/7/2011 14:34,0.42,14395,United Kingdom
581164,21411,GINGHAM HEART  DOORSTOP RED,2,12/7/2011 14:34,1.95,14395,United Kingdom
581164,23139,SINGLE WIRE HOOK PINK HEART,5,12/7/2011 14:34,0.39,14395,United Kingdom
581164,22171,3 HOOK PHOTO SHELF ANTIQUE WHITE,2,12/7/2011 14:34,8.5,14395,United Kingdom
581164,22207,FRYING PAN UNION FLAG,1,12/7/2011 14:34,4.25,14395,United Kingdom
581164,22169,FAMILY ALBUM WHITE PICTURE FRAME,3,12/7/2011 14:34,8.5,14395,United Kingdom
581164,21901,"KEY FOB , BACK DOOR ",5,12/7/2011 14:34,0.65,14395,United Kingdom
581164,21900,"KEY FOB , SHED",2,12/7/2011 14:34,0.65,14395,United Kingdom
581164,21899,GARAGE KEY FOB,4,12/7/2011 14:34,0.65,14395,United Kingdom
581164,21902,"KEY FOB , FRONT  DOOR ",8,12/7/2011 14:34,0.65,14395,United Kingdom
581164,22187,GREEN CHRISTMAS TREE CARD HOLDER,6,12/7/2011 14:34,1.95,14395,United Kingdom
581164,82484,WOOD BLACK BOARD ANT WHITE FINISH,2,12/7/2011 14:34,7.95,14395,United Kingdom
581164,21155,RED RETROSPOT PEG BAG,6,12/7/2011 14:34,2.55,14395,United Kingdom
581164,23141,TRIPLE WIRE HOOK PINK HEART,7,12/7/2011 14:34,0.79,14395,United Kingdom
581164,22505,MEMO BOARD COTTAGE DESIGN,4,12/7/2011 14:34,4.95,14395,United Kingdom
581164,22507,MEMO BOARD RETROSPOT  DESIGN,2,12/7/2011 14:34,4.95,14395,United Kingdom
581164,23356,LOVE HOT WATER BOTTLE,1,12/7/2011 14:34,5.95,14395,United Kingdom
581164,23355,HOT WATER BOTTLE KEEP CALM,3,12/7/2011 14:34,4.95,14395,United Kingdom
581164,22114,HOT WATER BOTTLE TEA AND SYMPATHY,3,12/7/2011 14:34,4.25,14395,United Kingdom
581164,22111,SCOTTIE DOG HOT WATER BOTTLE,2,12/7/2011 14:34,4.95,14395,United Kingdom
581164,23356,LOVE HOT WATER BOTTLE,2,12/7/2011 14:34,5.95,14395,United Kingdom
581164,85048,15CM CHRISTMAS GLASS BALL 20 LIGHTS,1,12/7/2011 14:34,7.95,14395,United Kingdom
581164,21485,RETROSPOT HEART HOT WATER BOTTLE,3,12/7/2011 14:34,4.95,14395,United Kingdom
581164,22633,HAND WARMER UNION JACK,2,12/7/2011 14:34,2.1,14395,United Kingdom
581164,23139,SINGLE WIRE HOOK PINK HEART,1,12/7/2011 14:34,0.39,14395,United Kingdom
581164,23332,IVORY WICKER HEART LARGE,6,12/7/2011 14:34,1.65,14395,United Kingdom
581164,21592,RETROSPOT CIGAR BOX MATCHES ,9,12/7/2011 14:34,0.39,14395,United Kingdom
581164,84968E,SET OF 16 VINTAGE BLACK CUTLERY,1,12/7/2011 14:34,12.75,14395,United Kingdom
581164,21592,RETROSPOT CIGAR BOX MATCHES ,1,12/7/2011 14:34,0.39,14395,United Kingdom
581164,23439,HAND WARMER RED LOVE HEART,2,12/7/2011 14:34,2.1,14395,United Kingdom
581164,22112,CHOCOLATE HOT WATER BOTTLE,3,12/7/2011 14:34,4.95,14395,United Kingdom
581164,22113,GREY HEART HOT WATER BOTTLE,3,12/7/2011 14:34,4.25,14395,United Kingdom
581164,21169,YOU'RE CONFUSING ME METAL SIGN ,2,12/7/2011 14:34,1.69,14395,United Kingdom
581164,21181,PLEASE ONE PERSON METAL SIGN,8,12/7/2011 14:34,2.1,14395,United Kingdom
581164,21770,OPEN CLOSED METAL SIGN,1,12/7/2011 14:34,4.95,14395,United Kingdom
581164,21175,GIN AND TONIC DIET METAL SIGN,6,12/7/2011 14:34,2.55,14395,United Kingdom
581164,22581,WOOD STOCKING CHRISTMAS SCANDISPOT,7,12/7/2011 14:34,0.29,14395,United Kingdom
581164,21098,CHRISTMAS TOILET ROLL,3,12/7/2011 14:34,1.25,14395,United Kingdom
581164,23493,VINTAGE DOILY TRAVEL SEWING KIT,6,12/7/2011 14:34,1.95,14395,United Kingdom
581164,82486,3 DRAWER ANTIQUE WHITE WOOD CABINET,2,12/7/2011 14:34,8.95,14395,United Kingdom
581164,82483,WOOD 2 DRAWER CABINET WHITE FINISH,2,12/7/2011 14:34,6.95,14395,United Kingdom
581164,22465,HANGING METAL STAR LANTERN,12,12/7/2011 14:34,0.79,14395,United Kingdom
581164,22578,WOODEN STAR CHRISTMAS SCANDINAVIAN,8,12/7/2011 14:34,0.29,14395,United Kingdom
581164,21166,COOK WITH WINE METAL SIGN ,4,12/7/2011 14:34,2.08,14395,United Kingdom
581164,21903,MAN FLU METAL SIGN,3,12/7/2011 14:34,2.1,14395,United Kingdom
581164,85150,LADIES & GENTLEMEN METAL SIGN,8,12/7/2011 14:34,2.55,14395,United Kingdom
581164,21169,YOU'RE CONFUSING ME METAL SIGN ,7,12/7/2011 14:34,1.69,14395,United Kingdom
581164,21098,CHRISTMAS TOILET ROLL,4,12/7/2011 14:34,1.25,14395,United Kingdom
581164,22173,METAL 4 HOOK HANGER FRENCH CHATEAU,8,12/7/2011 14:34,3.29,14395,United Kingdom
581164,23321,SMALL WHITE HEART OF WICKER,2,12/7/2011 14:34,1.65,14395,United Kingdom
581164,23322,LARGE WHITE HEART OF WICKER,1,12/7/2011 14:34,2.95,14395,United Kingdom
581164,22470,HEART OF WICKER LARGE,6,12/7/2011 14:34,2.95,14395,United Kingdom
581164,22158,3 HEARTS HANGING DECORATION RUSTIC,8,12/7/2011 14:34,2.95,14395,United Kingdom
581164,23318,BOX OF 6 MINI VINTAGE CRACKERS,1,12/7/2011 14:34,2.49,14395,United Kingdom
581164,23322,LARGE WHITE HEART OF WICKER,5,12/7/2011 14:34,2.95,14395,United Kingdom
581164,23321,SMALL WHITE HEART OF WICKER,6,12/7/2011 14:34,1.65,14395,United Kingdom
581165,23480,MINI LIGHTS WOODLAND MUSHROOMS,4,12/7/2011 14:39,3.75,15701,United Kingdom
581165,21015,DARK BIRD HOUSE TREE DECORATION,24,12/7/2011 14:39,0.29,15701,United Kingdom
581165,21456,2 PICTURE BOOK EGGS EASTER CHICKS,12,12/7/2011 14:39,1.25,15701,United Kingdom
581165,21439,BASKET OF TOADSTOOLS,12,12/7/2011 14:39,1.25,15701,United Kingdom
581165,22967,SET 3 SONG BIRD PAPER EGGS ASSORTED,6,12/7/2011 14:39,2.95,15701,United Kingdom
581165,22254,FELT TOADSTOOL LARGE,12,12/7/2011 14:39,1.25,15701,United Kingdom
581165,22255,FELT TOADSTOOL  SMALL,12,12/7/2011 14:39,0.85,15701,United Kingdom
581165,23466,TUSCAN VILLA DOVECOTE BIRD FEEDER,2,12/7/2011 14:39,8.25,15701,United Kingdom
581165,22169,FAMILY ALBUM WHITE PICTURE FRAME,2,12/7/2011 14:39,8.5,15701,United Kingdom
581165,82482,WOODEN PICTURE FRAME WHITE FINISH,6,12/7/2011 14:39,2.95,15701,United Kingdom
581165,21379,CAMPHOR WOOD PORTOBELLO MUSHROOM,6,12/7/2011 14:39,0.39,15701,United Kingdom
581165,21377,SMALL CAMPHOR WOOD FIELD  MUSHROOM,6,12/7/2011 14:39,0.39,15701,United Kingdom
581165,21441,BLUE BIRDHOUSE DECORATION,12,12/7/2011 14:39,0.19,15701,United Kingdom
581165,21442,GREEN BIRDHOUSE DECORATION,12,12/7/2011 14:39,0.19,15701,United Kingdom
581165,20831,GOLD PHOTO FRAME,12,12/7/2011 14:39,0.79,15701,United Kingdom
581165,21115,ROSE CARAVAN DOORSTOP,8,12/7/2011 14:39,1.95,15701,United Kingdom
581165,21378,SMALL TALL CAMPHOR WOOD TOADSTOOL,12,12/7/2011 14:39,0.39,15701,United Kingdom
581165,22055,MINI CAKE STAND  HANGING STRAWBERY,16,12/7/2011 14:39,0.39,15701,United Kingdom
581165,22509,SEWING BOX RETROSPOT DESIGN ,4,12/7/2011 14:39,3.95,15701,United Kingdom
581165,22695,WICKER WREATH SMALL,12,12/7/2011 14:39,0.59,15701,United Kingdom
581165,22701,PINK DOG BOWL,12,12/7/2011 14:39,0.79,15701,United Kingdom
581165,22703,PINK CAT BOWL,12,12/7/2011 14:39,0.59,15701,United Kingdom
581165,22807,SET OF 6 T-LIGHTS TOADSTOOLS,12,12/7/2011 14:39,1.25,15701,United Kingdom
581165,23107,WHITE HEARTS WIRE PLANT POT HOLDER,8,12/7/2011 14:39,0.79,15701,United Kingdom
581165,22192,BLUE DINER WALL CLOCK,2,12/7/2011 14:39,8.5,15701,United Kingdom
581165,23084,RABBIT NIGHT LIGHT,6,12/7/2011 14:39,2.08,15701,United Kingdom
581165,23108,SET OF 10 LED DOLLY LIGHTS,2,12/7/2011 14:39,6.25,15701,United Kingdom
581165,23031,DRAWER KNOB CRACKLE GLAZE PINK,6,12/7/2011 14:39,1.65,15701,United Kingdom
581165,22771,CLEAR DRAWER KNOB ACRYLIC EDWARDIAN,12,12/7/2011 14:39,1.25,15701,United Kingdom
581166,22605,WOODEN CROQUET GARDEN SET,1,12/7/2011 14:43,14.95,15525,United Kingdom
581166,22960,JAM MAKING SET WITH JARS,3,12/7/2011 14:43,4.25,15525,United Kingdom
581166,22549,PICTURE DOMINOES,1,12/7/2011 14:43,1.45,15525,United Kingdom
581166,23511,EMBROIDERED RIBBON REEL EMILY ,1,12/7/2011 14:43,2.08,15525,United Kingdom
581166,23512,EMBROIDERED RIBBON REEL ROSIE,1,12/7/2011 14:43,2.08,15525,United Kingdom
581166,22398,MAGNETS PACK OF 4 SWALLOWS,12,12/7/2011 14:43,0.39,15525,United Kingdom
581166,23192,BUNDLE OF 3 ALPHABET EXERCISE BOOKS,2,12/7/2011 14:43,1.65,15525,United Kingdom
581166,23505,PLAYING CARDS I LOVE LONDON ,1,12/7/2011 14:43,1.25,15525,United Kingdom
581166,22438,BALLOON ART MAKE YOUR OWN FLOWERS,2,12/7/2011 14:43,0.39,15525,United Kingdom
581166,22621,TRADITIONAL KNITTING NANCY,3,12/7/2011 14:43,1.65,15525,United Kingdom
581166,21974,SET OF 36 PAISLEY FLOWER DOILIES,1,12/7/2011 14:43,1.45,15525,United Kingdom
581166,22972,CHILDREN'S SPACEBOY MUG,1,12/7/2011 14:43,1.65,15525,United Kingdom
581166,22989,SET 2 PANTRY DESIGN TEA TOWELS,1,12/7/2011 14:43,3.25,15525,United Kingdom
581166,22643,SET OF 4 NAPKIN CHARMS LEAVES   ,3,12/7/2011 14:43,0.79,15525,United Kingdom
581166,21452,TOADSTOOL MONEY BOX,1,12/7/2011 14:43,2.95,15525,United Kingdom
581166,23254,CHILDRENS CUTLERY DOLLY GIRL ,1,12/7/2011 14:43,4.15,15525,United Kingdom
581166,23256,CHILDRENS CUTLERY SPACEBOY ,1,12/7/2011 14:43,4.15,15525,United Kingdom
581166,84997D,CHILDRENS CUTLERY POLKADOT PINK,1,12/7/2011 14:43,4.15,15525,United Kingdom
581166,22899,CHILDREN'S APRON DOLLY GIRL ,1,12/7/2011 14:43,2.1,15525,United Kingdom
581166,22367,CHILDRENS APRON SPACEBOY DESIGN,2,12/7/2011 14:43,1.95,15525,United Kingdom
581166,23084,RABBIT NIGHT LIGHT,1,12/7/2011 14:43,2.08,15525,United Kingdom
581166,22434,BALLOON PUMP WITH 10 BALLOONS,1,12/7/2011 14:43,1.95,15525,United Kingdom
581166,22086,PAPER CHAIN KIT 50'S CHRISTMAS ,1,12/7/2011 14:43,2.95,15525,United Kingdom
581166,22744,MAKE YOUR OWN MONSOON CARD KIT,3,12/7/2011 14:43,0.79,15525,United Kingdom
581166,84032B,CHARLIE + LOLA RED HOT WATER BOTTLE,1,12/7/2011 14:43,0.79,15525,United Kingdom
581166,23239,SET OF 4 KNICK KNACK TINS POPPIES,5,12/7/2011 14:43,1.65,15525,United Kingdom
581166,23237,SET OF 4 KNICK KNACK TINS LEAF,1,12/7/2011 14:43,4.15,15525,United Kingdom
581166,23240,SET OF 4 KNICK KNACK TINS DOILY ,1,12/7/2011 14:43,4.15,15525,United Kingdom
581166,23235,STORAGE TIN VINTAGE LEAF,1,12/7/2011 14:43,1.25,15525,United Kingdom
581166,23236,STORAGE TIN VINTAGE DOILY ,1,12/7/2011 14:43,2.89,15525,United Kingdom
581166,23494,VINTAGE DOILY DELUXE SEWING KIT ,1,12/7/2011 14:43,5.95,15525,United Kingdom
581166,23242,TREASURE TIN BUFFALO BILL ,1,12/7/2011 14:43,2.08,15525,United Kingdom
581166,22635,CHILDS BREAKFAST SET DOLLY GIRL ,1,12/7/2011 14:43,9.95,15525,United Kingdom
581166,22634,CHILDS BREAKFAST SET SPACEBOY ,2,12/7/2011 14:43,9.95,15525,United Kingdom
581166,23275,SET OF 3 HANGING OWLS OLLIE BEAK,1,12/7/2011 14:43,1.25,15525,United Kingdom
581166,23203,JUMBO BAG VINTAGE DOILY ,2,12/7/2011 14:43,2.08,15525,United Kingdom
581166,23201,JUMBO BAG ALPHABET,2,12/7/2011 14:43,2.08,15525,United Kingdom
581166,23582,VINTAGE DOILY JUMBO BAG RED ,1,12/7/2011 14:43,2.08,15525,United Kingdom
581166,23081,GREEN METAL BOX ARMY SUPPLIES,1,12/7/2011 14:43,8.25,15525,United Kingdom
581166,23080,RED METAL BOX TOP SECRET,2,12/7/2011 14:43,8.25,15525,United Kingdom
581166,23494,VINTAGE DOILY DELUXE SEWING KIT ,1,12/7/2011 14:43,5.95,15525,United Kingdom
581166,23236,STORAGE TIN VINTAGE DOILY ,2,12/7/2011 14:43,2.89,15525,United Kingdom
581166,23128,FELTCRAFT BOY JEAN-PAUL KIT,1,12/7/2011 14:43,4.95,15525,United Kingdom
581166,84819,DANISH ROSE ROUND SEWING BOX,1,12/7/2011 14:43,0.79,15525,United Kingdom
581166,22744,MAKE YOUR OWN MONSOON CARD KIT,2,12/7/2011 14:43,0.79,15525,United Kingdom
581166,22743,MAKE YOUR OWN FLOWERPOWER CARD KIT,2,12/7/2011 14:43,0.79,15525,United Kingdom
581166,23296,SET OF 6 TEA TIME BAKING CASES,1,12/7/2011 14:43,1.25,15525,United Kingdom
581166,23154,SET OF 4 JAM JAR MAGNETS,1,12/7/2011 14:43,2.08,15525,United Kingdom
581166,23235,STORAGE TIN VINTAGE LEAF,1,12/7/2011 14:43,1.25,15525,United Kingdom
581166,23239,SET OF 4 KNICK KNACK TINS POPPIES,2,12/7/2011 14:43,1.65,15525,United Kingdom
581166,22722,SET OF 6 SPICE TINS PANTRY DESIGN,1,12/7/2011 14:43,3.95,15525,United Kingdom
581166,22150,3 STRIPEY MICE FELTCRAFT,1,12/7/2011 14:43,1.95,15525,United Kingdom
581166,23351,ROLL WRAP 50'S CHRISTMAS,1,12/7/2011 14:43,1.25,15525,United Kingdom
581166,23352,ROLL WRAP 50'S RED CHRISTMAS ,1,12/7/2011 14:43,1.25,15525,United Kingdom
581166,21212,PACK OF 72 RETROSPOT CAKE CASES,1,12/7/2011 14:43,0.55,15525,United Kingdom
581166,23307,SET OF 60 PANTRY DESIGN CAKE CASES ,1,12/7/2011 14:43,0.55,15525,United Kingdom
581166,21976,PACK OF 60 MUSHROOM CAKE CASES,1,12/7/2011 14:43,0.55,15525,United Kingdom
581166,85114B,IVORY ENCHANTED FOREST PLACEMAT,2,12/7/2011 14:43,1.65,15525,United Kingdom
581166,23354,6 GIFT TAGS 50'S CHRISTMAS ,1,12/7/2011 14:43,0.83,15525,United Kingdom
581166,22587,FELTCRAFT HAIRBAND RED AND BLUE,2,12/7/2011 14:43,0.85,15525,United Kingdom
581166,23286,BLUE VINTAGE SPOT BEAKER,3,12/7/2011 14:43,0.85,15525,United Kingdom
581166,23079,TOADSTOOL BEDSIDE LIGHT ,1,12/7/2011 14:43,8.95,15525,United Kingdom
581166,23254,CHILDRENS CUTLERY DOLLY GIRL ,1,12/7/2011 14:43,4.15,15525,United Kingdom
581166,23256,CHILDRENS CUTLERY SPACEBOY ,2,12/7/2011 14:43,4.15,15525,United Kingdom
581166,23198,PANTRY MAGNETIC  SHOPPING LIST,2,12/7/2011 14:43,1.45,15525,United Kingdom
581166,23079,TOADSTOOL BEDSIDE LIGHT ,1,12/7/2011 14:43,8.95,15525,United Kingdom
581166,23154,SET OF 4 JAM JAR MAGNETS,1,12/7/2011 14:43,2.08,15525,United Kingdom
581166,22981,PANTRY APPLE CORER,1,12/7/2011 14:43,1.45,15525,United Kingdom
581166,22722,SET OF 6 SPICE TINS PANTRY DESIGN,1,12/7/2011 14:43,3.95,15525,United Kingdom
581166,22960,JAM MAKING SET WITH JARS,3,12/7/2011 14:43,4.25,15525,United Kingdom
581166,23392,SPACEBOY ROCKET LOLLY MAKERS,1,12/7/2011 14:43,2.08,15525,United Kingdom
581166,23559,WOODLAND BUNNIES LOLLY MAKERS,1,12/7/2011 14:43,2.08,15525,United Kingdom
581166,22630,DOLLY GIRL LUNCH BOX,1,12/7/2011 14:43,1.95,15525,United Kingdom
581166,23290,SPACEBOY CHILDRENS BOWL,3,12/7/2011 14:43,1.25,15525,United Kingdom
581166,23292,SPACEBOY CHILDRENS CUP,2,12/7/2011 14:43,1.25,15525,United Kingdom
581166,23291,DOLLY GIRL CHILDRENS CUP,1,12/7/2011 14:43,1.25,15525,United Kingdom
581166,23289,DOLLY GIRL CHILDRENS BOWL,1,12/7/2011 14:43,1.25,15525,United Kingdom
581166,22629,SPACEBOY LUNCH BOX ,2,12/7/2011 14:43,1.95,15525,United Kingdom
581166,23203,JUMBO BAG VINTAGE DOILY ,1,12/7/2011 14:43,2.08,15525,United Kingdom
581166,23236,STORAGE TIN VINTAGE DOILY ,2,12/7/2011 14:43,2.89,15525,United Kingdom
581166,23240,SET OF 4 KNICK KNACK TINS DOILY ,1,12/7/2011 14:43,4.15,15525,United Kingdom
581167,20713,JUMBO BAG OWLS,20,12/7/2011 14:52,2.08,13534,United Kingdom
581167,22411,JUMBO SHOPPER VINTAGE RED PAISLEY,10,12/7/2011 14:52,2.08,13534,United Kingdom
581167,22386,JUMBO BAG PINK POLKADOT,20,12/7/2011 14:52,2.08,13534,United Kingdom
581167,85099B,JUMBO BAG RED RETROSPOT,20,12/7/2011 14:52,2.08,13534,United Kingdom
581167,85099C,JUMBO  BAG BAROQUE BLACK WHITE,10,12/7/2011 14:52,2.08,13534,United Kingdom
581167,23203,JUMBO BAG VINTAGE DOILY ,10,12/7/2011 14:52,2.08,13534,United Kingdom
581167,20712,JUMBO BAG WOODLAND ANIMALS,20,12/7/2011 14:52,2.08,13534,United Kingdom
581167,21928,JUMBO BAG SCANDINAVIAN BLUE PAISLEY,10,12/7/2011 14:52,2.08,13534,United Kingdom
581167,23200,JUMBO BAG PEARS,10,12/7/2011 14:52,2.08,13534,United Kingdom
581167,22385,JUMBO BAG SPACEBOY DESIGN,10,12/7/2011 14:52,2.08,13534,United Kingdom
581167,20727,LUNCH BAG  BLACK SKULL.,10,12/7/2011 14:52,1.65,13534,United Kingdom
581167,20728,LUNCH BAG CARS BLUE,10,12/7/2011 14:52,1.65,13534,United Kingdom
581167,20725,LUNCH BAG RED RETROSPOT,10,12/7/2011 14:52,1.65,13534,United Kingdom
581167,23681,LUNCH BAG RED VINTAGE DOILY,10,12/7/2011 14:52,1.65,13534,United Kingdom
581168,22896,PEG BAG APPLES DESIGN,6,12/7/2011 14:52,2.55,16779,United Kingdom
581168,22197,POPCORN HOLDER,12,12/7/2011 14:52,0.85,16779,United Kingdom
581168,71477,COLOURED GLASS STAR T-LIGHT HOLDER,48,12/7/2011 14:52,3.29,16779,United Kingdom
581168,21731,RED TOADSTOOL LED NIGHT LIGHT,12,12/7/2011 14:52,1.65,16779,United Kingdom
581168,21843,RED RETROSPOT CAKE STAND,2,12/7/2011 14:52,10.95,16779,United Kingdom
581168,22165,"DIAMANTE HEART SHAPED WALL MIRROR, ",6,12/7/2011 14:52,3.95,16779,United Kingdom
581168,22313,OFFICE MUG WARMER PINK,12,12/7/2011 14:52,1.25,16779,United Kingdom
581168,72800C,4 PINK DINNER CANDLE SILVER FLOCK,12,12/7/2011 14:52,0.79,16779,United Kingdom
581168,72800B, 4 PURPLE FLOCK DINNER CANDLES,12,12/7/2011 14:52,0.79,16779,United Kingdom
581168,35970,ZINC FOLKART SLEIGH BELLS,12,12/7/2011 14:52,1.69,16779,United Kingdom
581168,20712,JUMBO BAG WOODLAND ANIMALS,10,12/7/2011 14:52,2.08,16779,United Kingdom
581168,85099C,JUMBO  BAG BAROQUE BLACK WHITE,10,12/7/2011 14:52,2.08,16779,United Kingdom
581169,84029E,RED WOOLLY HOTTIE WHITE HEART.,48,12/7/2011 14:54,3.75,16779,United Kingdom
581169,21936,RED RETROSPOT PICNIC BAG,10,12/7/2011 14:54,2.95,16779,United Kingdom
581169,21907,I'M ON HOLIDAY METAL SIGN,12,12/7/2011 14:54,2.1,16779,United Kingdom
581169,21166,COOK WITH WINE METAL SIGN ,48,12/7/2011 14:54,1.85,16779,United Kingdom
581169,82600,N0 SINGING METAL SIGN,48,12/7/2011 14:54,1.85,16779,United Kingdom
581169,22804,PINK HANGING HEART T-LIGHT HOLDER,6,12/7/2011 14:54,2.95,16779,United Kingdom
581169,21733,RED HANGING HEART T-LIGHT HOLDER,32,12/7/2011 14:54,2.55,16779,United Kingdom
581169,22197,POPCORN HOLDER,12,12/7/2011 14:54,0.85,16779,United Kingdom
581169,23284,DOORMAT KEEP CALM AND COME IN,10,12/7/2011 14:54,7.08,16779,United Kingdom
581169,23300,GARDENERS KNEELING PAD CUP OF TEA ,12,12/7/2011 14:54,1.65,16779,United Kingdom
581170,22867,HAND WARMER BIRD DESIGN,96,12/7/2011 15:00,1.85,13767,United Kingdom
581170,22865,HAND WARMER OWL DESIGN,96,12/7/2011 15:00,1.85,13767,United Kingdom
581170,22866,HAND WARMER SCOTTY DOG DESIGN,96,12/7/2011 15:00,1.85,13767,United Kingdom
581170,22114,HOT WATER BOTTLE TEA AND SYMPATHY,24,12/7/2011 15:00,3.75,13767,United Kingdom
581170,22111,SCOTTIE DOG HOT WATER BOTTLE,24,12/7/2011 15:00,4.25,13767,United Kingdom
581170,23089,GLASS BON BON JAR,36,12/7/2011 15:00,1.65,13767,United Kingdom
581170,84879,ASSORTED COLOUR BIRD ORNAMENT,32,12/7/2011 15:00,1.69,13767,United Kingdom
581170,22730,ALARM CLOCK BAKELIKE IVORY,8,12/7/2011 15:00,3.75,13767,United Kingdom
581170,22697,GREEN REGENCY TEACUP AND SAUCER,6,12/7/2011 15:00,2.95,13767,United Kingdom
581171,23570,TRADITIONAL PICK UP STICKS GAME ,12,12/7/2011 15:02,1.25,12615,France
581171,22966,GINGERBREAD MAN COOKIE CUTTER,24,12/7/2011 15:02,1.25,12615,France
581171,20750,RED RETROSPOT MINI CASES,6,12/7/2011 15:02,7.95,12615,France
581171,85014B,RED RETROSPOT UMBRELLA,3,12/7/2011 15:02,5.95,12615,France
581171,20682,RED RETROSPOT CHILDRENS UMBRELLA,12,12/7/2011 15:02,3.25,12615,France
581171,23118,PARISIENNE JEWELLERY DRAWER ,4,12/7/2011 15:02,7.5,12615,France
581171,21481,FAWN BLUE HOT WATER BOTTLE,4,12/7/2011 15:02,3.75,12615,France
581171,22027,TEA PARTY BIRTHDAY CARD,12,12/7/2011 15:02,0.42,12615,France
581171,21509,COWBOYS AND INDIANS BIRTHDAY CARD ,12,12/7/2011 15:02,0.42,12615,France
581171,22028,PENNY FARTHING BIRTHDAY CARD,12,12/7/2011 15:02,0.42,12615,France
581171,22029,SPACEBOY BIRTHDAY CARD,12,12/7/2011 15:02,0.42,12615,France
581171,21258,VICTORIAN SEWING BOX LARGE,2,12/7/2011 15:02,12.75,12615,France
581171,84077,WORLD WAR 2 GLIDERS ASSTD DESIGNS,48,12/7/2011 15:02,0.29,12615,France
581171,23154,SET OF 4 JAM JAR MAGNETS,12,12/7/2011 15:02,2.08,12615,France
581171,21889,WOODEN BOX OF DOMINOES,12,12/7/2011 15:02,1.25,12615,France
581171,21891,TRADITIONAL WOODEN SKIPPING ROPE,12,12/7/2011 15:02,1.45,12615,France
581171,22620,4 TRADITIONAL SPINNING TOPS,12,12/7/2011 15:02,1.45,12615,France
581171,21914,BLUE HARMONICA IN BOX ,12,12/7/2011 15:02,1.25,12615,France
581171,POST,POSTAGE,2,12/7/2011 15:02,18.0,12615,France
581171,23084,RABBIT NIGHT LIGHT,24,12/7/2011 15:02,1.79,12615,France
581172,22169,FAMILY ALBUM WHITE PICTURE FRAME,8,12/7/2011 15:07,7.65,16525,United Kingdom
581172,84947,ANTIQUE SILVER TEA GLASS ENGRAVED,24,12/7/2011 15:07,1.25,16525,United Kingdom
581172,21326,AGED GLASS SILVER T-LIGHT HOLDER,144,12/7/2011 15:07,0.55,16525,United Kingdom
581172,22791,T-LIGHT GLASS FLUTED ANTIQUE,72,12/7/2011 15:07,1.06,16525,United Kingdom
581172,21733,RED HANGING HEART T-LIGHT HOLDER,12,12/7/2011 15:07,2.95,16525,United Kingdom
581172,22295,HEART FILIGREE DOVE LARGE,24,12/7/2011 15:07,1.65,16525,United Kingdom
581173,21366,MIRRORED WALL ART PHOTO FRAMES,2,12/7/2011 15:07,4.25,17870,United Kingdom
581173,21591,COSY HOUR CIGAR BOX MATCHES ,24,12/7/2011 15:07,1.25,17870,United Kingdom
581173,23318,BOX OF 6 MINI VINTAGE CRACKERS,7,12/7/2011 15:07,2.49,17870,United Kingdom
581173,23319,BOX OF 6 MINI 50'S CRACKERS,3,12/7/2011 15:07,2.49,17870,United Kingdom
581173,85204,HANGING WOOD AND FELT FLOWER,8,12/7/2011 15:07,0.12,17870,United Kingdom
581173,22151,PLACE SETTING WHITE HEART,6,12/7/2011 15:07,0.42,17870,United Kingdom
581173,21918,SET 12 KIDS COLOUR  CHALK STICKS,3,12/7/2011 15:07,0.42,17870,United Kingdom
581173,51014A,"FEATHER PEN,HOT PINK",12,12/7/2011 15:07,0.39,17870,United Kingdom
581173,23275,SET OF 3 HANGING OWLS OLLIE BEAK,12,12/7/2011 15:07,1.25,17870,United Kingdom
581173,75049L,LARGE CIRCULAR MIRROR MOBILE,6,12/7/2011 15:07,1.25,17870,United Kingdom
581173,20668,DISCO BALL CHRISTMAS DECORATION,24,12/7/2011 15:07,0.12,17870,United Kingdom
581173,44235,ASSORTED COLOURED CIRCLE MOBILE ,2,12/7/2011 15:07,0.42,17870,United Kingdom
581173,44234,ASSORTED CIRCULAR MOBILE,2,12/7/2011 15:07,0.21,17870,United Kingdom
581173,23318,BOX OF 6 MINI VINTAGE CRACKERS,14,12/7/2011 15:07,2.49,17870,United Kingdom
581173,22338,STAR DECORATION PAINTED ZINC ,12,12/7/2011 15:07,0.19,17870,United Kingdom
581173,22581,WOOD STOCKING CHRISTMAS SCANDISPOT,14,12/7/2011 15:07,0.29,17870,United Kingdom
581173,22578,WOODEN STAR CHRISTMAS SCANDINAVIAN,11,12/7/2011 15:07,0.29,17870,United Kingdom
581173,22737,RIBBON REEL CHRISTMAS PRESENT ,5,12/7/2011 15:07,1.65,17870,United Kingdom
581173,20668,DISCO BALL CHRISTMAS DECORATION,24,12/7/2011 15:07,0.12,17870,United Kingdom
581173,35970,ZINC FOLKART SLEIGH BELLS,3,12/7/2011 15:07,1.69,17870,United Kingdom
581173,23350,ROLL WRAP VINTAGE SPOT ,3,12/7/2011 15:07,1.25,17870,United Kingdom
581173,21034,REX CASH+CARRY JUMBO SHOPPER,1,12/7/2011 15:07,0.95,17870,United Kingdom
581173,23009,I LOVE LONDON BABY GIFT SET,1,12/7/2011 15:07,16.95,17870,United Kingdom
581173,23503,PLAYING CARDS KEEP CALM & CARRY ON,1,12/7/2011 15:07,1.25,17870,United Kingdom
581173,21915,RED  HARMONICA IN BOX ,2,12/7/2011 15:07,1.25,17870,United Kingdom
581173,22616,PACK OF 12 LONDON TISSUES ,2,12/7/2011 15:07,0.39,17870,United Kingdom
581173,21864,UNION JACK FLAG PASSPORT COVER ,1,12/7/2011 15:07,2.1,17870,United Kingdom
581173,21866,UNION JACK FLAG LUGGAGE TAG,1,12/7/2011 15:07,1.25,17870,United Kingdom
581173,22406,MONEY BOX KINGS CHOICE DESIGN,2,12/7/2011 15:07,0.39,17870,United Kingdom
581173,22207,FRYING PAN UNION FLAG,1,12/7/2011 15:07,4.25,17870,United Kingdom
581173,23369,SET 36 COLOUR PENCILS LOVE LONDON,2,12/7/2011 15:07,1.25,17870,United Kingdom
581173,23531,WALL ART BIG LOVE ,1,12/7/2011 15:07,6.95,17870,United Kingdom
581173,21625,VINTAGE UNION JACK APRON,1,12/7/2011 15:07,6.95,17870,United Kingdom
581173,22816,CARD MOTORBIKE SANTA,12,12/7/2011 15:07,0.42,17870,United Kingdom
581173,75049L,LARGE CIRCULAR MIRROR MOBILE,6,12/7/2011 15:07,1.25,17870,United Kingdom
581173,79190B,RETRO PLASTIC POLKA TRAY,15,12/7/2011 15:07,0.42,17870,United Kingdom
581173,23338,EGG FRYING PAN RED ,1,12/7/2011 15:07,2.08,17870,United Kingdom
581173,22641,SET OF 4 NAPKIN CHARMS INSTRUMENT,3,12/7/2011 15:07,0.79,17870,United Kingdom
581173,84991,60 TEATIME FAIRY CAKE CASES,1,12/7/2011 15:07,0.55,17870,United Kingdom
581173,90214F,"LETTER ""F"" BLING KEY RING",1,12/7/2011 15:07,0.29,17870,United Kingdom
581173,90214G,"LETTER ""G"" BLING KEY RING",1,12/7/2011 15:07,0.29,17870,United Kingdom
581173,21172,PARTY METAL SIGN ,1,12/7/2011 15:07,1.45,17870,United Kingdom
581173,22737,RIBBON REEL CHRISTMAS PRESENT ,1,12/7/2011 15:07,1.65,17870,United Kingdom
581173,22736,RIBBON REEL MAKING SNOWMEN ,1,12/7/2011 15:07,1.65,17870,United Kingdom
581173,21370,MIRRORED WALL ART FOXY,1,12/7/2011 15:07,1.65,17870,United Kingdom
581173,21366,MIRRORED WALL ART PHOTO FRAMES,1,12/7/2011 15:07,4.25,17870,United Kingdom
581173,21373,MIRRORED WALL ART SNOWFLAKES,7,12/7/2011 15:07,0.75,17870,United Kingdom
581173,23356,LOVE HOT WATER BOTTLE,1,12/7/2011 15:07,5.95,17870,United Kingdom
581173,51014A,"FEATHER PEN,HOT PINK",12,12/7/2011 15:07,0.39,17870,United Kingdom
581173,22360,GLASS JAR ENGLISH CONFECTIONERY,1,12/7/2011 15:07,2.95,17870,United Kingdom
581174,21705,BAG 500g SWIRLY MARBLES,24,12/7/2011 15:08,0.39,13769,United Kingdom
581174,22811,SET OF 6 T-LIGHTS CACTI ,12,12/7/2011 15:08,1.25,13769,United Kingdom
581174,21730,GLASS STAR FROSTED T-LIGHT HOLDER,3,12/7/2011 15:08,4.95,13769,United Kingdom
581174,84945,MULTI COLOUR SILVER T-LIGHT HOLDER,12,12/7/2011 15:08,0.85,13769,United Kingdom
581174,71477,COLOURED GLASS STAR T-LIGHT HOLDER,24,12/7/2011 15:08,3.29,13769,United Kingdom
581174,84946,ANTIQUE SILVER T-LIGHT GLASS,12,12/7/2011 15:08,1.25,13769,United Kingdom
581174,22112,CHOCOLATE HOT WATER BOTTLE,3,12/7/2011 15:08,4.95,13769,United Kingdom
581174,22113,GREY HEART HOT WATER BOTTLE,4,12/7/2011 15:08,4.25,13769,United Kingdom
581174,22114,HOT WATER BOTTLE TEA AND SYMPATHY,4,12/7/2011 15:08,4.25,13769,United Kingdom
581174,23355,HOT WATER BOTTLE KEEP CALM,4,12/7/2011 15:08,4.95,13769,United Kingdom
581174,22835,HOT WATER BOTTLE I AM SO POORLY,4,12/7/2011 15:08,4.95,13769,United Kingdom
581174,21790,VINTAGE SNAP CARDS,12,12/7/2011 15:08,0.85,13769,United Kingdom
581174,85150,LADIES & GENTLEMEN METAL SIGN,6,12/7/2011 15:08,2.55,13769,United Kingdom
581174,21181,PLEASE ONE PERSON METAL SIGN,12,12/7/2011 15:08,2.1,13769,United Kingdom
581174,21733,RED HANGING HEART T-LIGHT HOLDER,6,12/7/2011 15:08,2.95,13769,United Kingdom
581174,85123A,WHITE HANGING HEART T-LIGHT HOLDER,6,12/7/2011 15:08,2.95,13769,United Kingdom
581175,22973,CHILDREN'S CIRCUS PARADE MUG,48,12/7/2011 15:16,1.45,14646,Netherlands
581175,23280,FOLDING BUTTERFLY MIRROR HOT PINK ,96,12/7/2011 15:16,0.72,14646,Netherlands
581175,23281,FOLDING BUTTERFLY MIRROR RED  ,96,12/7/2011 15:16,0.72,14646,Netherlands
581175,23498,CLASSIC BICYCLE CLIPS ,72,12/7/2011 15:16,1.25,14646,Netherlands
581175,23575,SNACK TRAY PAISLEY PARK,48,12/7/2011 15:16,1.65,14646,Netherlands
581175,22483,RED GINGHAM TEDDY BEAR ,48,12/7/2011 15:16,2.55,14646,Netherlands
581175,22326,ROUND SNACK BOXES SET OF4 WOODLAND ,96,12/7/2011 15:16,2.55,14646,Netherlands
581175,23446,BLUE BUNNY EASTER EGG BASKET,144,12/7/2011 15:16,1.45,14646,Netherlands
581175,23238,SET OF 4 KNICK KNACK TINS LONDON ,48,12/7/2011 15:16,3.75,14646,Netherlands
581175,22814,CARD PARTY GAMES ,144,12/7/2011 15:16,0.36,14646,Netherlands
581175,22037,ROBOT BIRTHDAY CARD,144,12/7/2011 15:16,0.36,14646,Netherlands
581175,23569,TRADTIONAL ALPHABET STAMP SET,108,12/7/2011 15:16,4.15,14646,Netherlands
581175,23440,PAINT YOUR OWN EGGS IN CRATE,144,12/7/2011 15:16,1.79,14646,Netherlands
581175,20718,RED RETROSPOT SHOPPER BAG,100,12/7/2011 15:16,1.06,14646,Netherlands
581175,21156,RETROSPOT CHILDRENS APRON,60,12/7/2011 15:16,1.65,14646,Netherlands
581175,21485,RETROSPOT HEART HOT WATER BOTTLE,24,12/7/2011 15:16,4.25,14646,Netherlands
581175,21791,VINTAGE HEADS AND TAILS CARD GAME ,72,12/7/2011 15:16,1.06,14646,Netherlands
581175,22029,SPACEBOY BIRTHDAY CARD,144,12/7/2011 15:16,0.36,14646,Netherlands
581175,22175,PINK OWL SOFT TOY,48,12/7/2011 15:16,2.55,14646,Netherlands
581175,21564,PINK  HEART SHAPE LOVE BUCKET ,120,12/7/2011 15:16,0.79,14646,Netherlands
581175,21563,RED HEART SHAPE LOVE BUCKET ,120,12/7/2011 15:16,0.79,14646,Netherlands
581175,22471,TV DINNER TRAY AIR HOSTESS ,32,12/7/2011 15:16,1.95,14646,Netherlands
581175,22472,TV DINNER TRAY DOLLY GIRL,32,12/7/2011 15:16,1.95,14646,Netherlands
581175,22474,SPACEBOY TV DINNER TRAY,32,12/7/2011 15:16,1.95,14646,Netherlands
581175,22539,MINI JIGSAW DOLLY GIRL,144,12/7/2011 15:16,0.19,14646,Netherlands
581175,22509,SEWING BOX RETROSPOT DESIGN ,16,12/7/2011 15:16,3.95,14646,Netherlands
581175,22540,MINI JIGSAW CIRCUS PARADE ,144,12/7/2011 15:16,0.19,14646,Netherlands
581175,22544,MINI JIGSAW SPACEBOY,144,12/7/2011 15:16,0.19,14646,Netherlands
581175,22755,SMALL PURPLE BABUSHKA NOTEBOOK ,144,12/7/2011 15:16,0.21,14646,Netherlands
581175,22758,LARGE PURPLE BABUSHKA NOTEBOOK  ,144,12/7/2011 15:16,0.39,14646,Netherlands
581175,22754,SMALL RED BABUSHKA NOTEBOOK ,144,12/7/2011 15:16,0.21,14646,Netherlands
581175,22757,LARGE RED BABUSHKA NOTEBOOK ,144,12/7/2011 15:16,0.39,14646,Netherlands
581175,22905,CALENDAR IN SEASON DESIGN,40,12/7/2011 15:16,1.25,14646,Netherlands
581175,84805B,BLUE CLIMBING HYDRANGA ART FLOWER,24,12/7/2011 15:16,1.25,14646,Netherlands
581175,84804B,BLUE DELPHINIUM ARTIFICIAL FLOWER,36,12/7/2011 15:16,0.79,14646,Netherlands
581175,84806A,PINK CANDYSTUFT ARTIFICIAL FLOWER,24,12/7/2011 15:16,0.39,14646,Netherlands
581175,22393,PAPERWEIGHT VINTAGE COLLAGE,96,12/7/2011 15:16,0.39,14646,Netherlands
581175,22423,REGENCY CAKESTAND 3 TIER,32,12/7/2011 15:16,10.95,14646,Netherlands
581175,22549,PICTURE DOMINOES,72,12/7/2011 15:16,1.25,14646,Netherlands
581175,22960,JAM MAKING SET WITH JARS,24,12/7/2011 15:16,3.75,14646,Netherlands
581175,22712,CARD DOLLY GIRL ,144,12/7/2011 15:16,0.36,14646,Netherlands
581175,23245,SET OF 3 REGENCY CAKE TINS,48,12/7/2011 15:16,4.15,14646,Netherlands
581175,23292,SPACEBOY CHILDRENS CUP,96,12/7/2011 15:16,1.05,14646,Netherlands
581175,23560,SET OF 6 RIBBONS COUNTRY STYLE,60,12/7/2011 15:16,2.49,14646,Netherlands
581175,23561,SET OF 6 RIBBONS PARTY,60,12/7/2011 15:16,2.49,14646,Netherlands
581175,23562,SET OF 6 RIBBONS PERFECTLY PRETTY  ,60,12/7/2011 15:16,2.49,14646,Netherlands
581175,22625,RED KITCHEN SCALES,12,12/7/2011 15:16,7.65,14646,Netherlands
581175,22626,BLACK KITCHEN SCALES,12,12/7/2011 15:16,7.65,14646,Netherlands
581175,23192,BUNDLE OF 3 ALPHABET EXERCISE BOOKS,96,12/7/2011 15:16,1.45,14646,Netherlands
581175,22865,HAND WARMER OWL DESIGN,96,12/7/2011 15:16,1.85,14646,Netherlands
581175,23390,DOLLY GIRL MINI BACKPACK,50,12/7/2011 15:16,3.75,14646,Netherlands
581175,23229,VINTAGE DONKEY TAIL GAME ,36,12/7/2011 15:16,3.39,14646,Netherlands
581175,23256,CHILDRENS CUTLERY SPACEBOY ,72,12/7/2011 15:16,3.75,14646,Netherlands
581175,22432,WATERING CAN PINK BUNNY,48,12/7/2011 15:16,1.65,14646,Netherlands
581175,23552,BICYCLE PUNCTURE REPAIR KIT ,72,12/7/2011 15:16,1.79,14646,Netherlands
581175,23598,PAPER BUNTING VINTAGE PARTY,80,12/7/2011 15:16,2.55,14646,Netherlands
581175,23597,PAPER BUNTING PAISLEY PARK,80,12/7/2011 15:16,2.55,14646,Netherlands
581175,23483,HANGING  BUTTERFLY T-LIGHT HOLDER,72,12/7/2011 15:16,1.04,14646,Netherlands
581175,23447,PINK BUNNY EASTER EGG BASKET,144,12/7/2011 15:16,1.45,14646,Netherlands
581175,47593B,SCOTTIE DOGS BABY BIB,96,12/7/2011 15:16,0.39,14646,Netherlands
581175,23081,GREEN METAL BOX ARMY SUPPLIES,16,12/7/2011 15:16,7.5,14646,Netherlands
581175,23080,RED METAL BOX TOP SECRET,16,12/7/2011 15:16,7.5,14646,Netherlands
581175,21671,RED SPOT CERAMIC DRAWER KNOB,96,12/7/2011 15:16,1.25,14646,Netherlands
581175,21731,RED TOADSTOOL LED NIGHT LIGHT,24,12/7/2011 15:16,1.65,14646,Netherlands
581175,22467,GUMBALL COAT RACK,72,12/7/2011 15:16,2.1,14646,Netherlands
581175,22487,WHITE WOOD GARDEN PLANT LADDER,4,12/7/2011 15:16,8.5,14646,Netherlands
581175,22489,PACK OF 12 TRADITIONAL CRAYONS,144,12/7/2011 15:16,0.36,14646,Netherlands
581175,22563,HAPPY STENCIL CRAFT,72,12/7/2011 15:16,1.06,14646,Netherlands
581175,22846,BREAD BIN DINER STYLE RED ,4,12/7/2011 15:16,14.95,14646,Netherlands
581175,23154,SET OF 4 JAM JAR MAGNETS,120,12/7/2011 15:16,1.85,14646,Netherlands
581175,23171,REGENCY TEA PLATE GREEN ,48,12/7/2011 15:16,1.45,14646,Netherlands
581175,23172,REGENCY TEA PLATE PINK,48,12/7/2011 15:16,1.45,14646,Netherlands
581175,23209,LUNCH BAG VINTAGE DOILY ,100,12/7/2011 15:16,1.45,14646,Netherlands
581175,23290,SPACEBOY CHILDRENS BOWL,144,12/7/2011 15:16,1.05,14646,Netherlands
581175,22867,HAND WARMER BIRD DESIGN,96,12/7/2011 15:16,1.85,14646,Netherlands
581175,23084,RABBIT NIGHT LIGHT,1440,12/7/2011 15:16,1.79,14646,Netherlands
581175,22343,PARTY PIZZA DISH RED RETROSPOT,96,12/7/2011 15:16,0.19,14646,Netherlands
581176,22561,WOODEN SCHOOL COLOURING SET,72,12/7/2011 15:19,1.45,14646,Netherlands
581176,22795,SWEETHEART RECIPE BOOK STAND,16,12/7/2011 15:19,5.95,14646,Netherlands
581176,23112,PARISIENNE CURIO CABINET,12,12/7/2011 15:19,6.65,14646,Netherlands
581176,23118,PARISIENNE JEWELLERY DRAWER ,16,12/7/2011 15:19,6.65,14646,Netherlands
581176,22908,PACK OF 20 NAPKINS RED APPLES,96,12/7/2011 15:19,0.72,14646,Netherlands
581176,22907,PACK OF 20 NAPKINS PANTRY DESIGN,96,12/7/2011 15:19,0.72,14646,Netherlands
581176,22029,SPACEBOY BIRTHDAY CARD,72,12/7/2011 15:19,0.36,14646,Netherlands
581176,22712,CARD DOLLY GIRL ,72,12/7/2011 15:19,0.36,14646,Netherlands
581177,23084,RABBIT NIGHT LIGHT,72,12/7/2011 15:23,1.79,14032,United Kingdom
581177,22109,FULL ENGLISH BREAKFAST PLATE,16,12/7/2011 15:23,3.39,14032,United Kingdom
C581178,23079,TOADSTOOL BEDSIDE LIGHT ,-1,12/7/2011 15:39,8.95,15525,United Kingdom
C581178,23494,VINTAGE DOILY DELUXE SEWING KIT ,-1,12/7/2011 15:39,5.95,15525,United Kingdom
581179,21731,RED TOADSTOOL LED NIGHT LIGHT,60,12/7/2011 15:43,1.65,12471,Germany
581179,21232,STRAWBERRY CERAMIC TRINKET POT,48,12/7/2011 15:43,1.25,12471,Germany
581179,22423,REGENCY CAKESTAND 3 TIER,64,12/7/2011 15:43,10.95,12471,Germany
581179,22554,PLASTERS IN TIN WOODLAND ANIMALS,24,12/7/2011 15:43,1.65,12471,Germany
581179,22556,PLASTERS IN TIN CIRCUS PARADE ,24,12/7/2011 15:43,1.65,12471,Germany
581179,22621,TRADITIONAL KNITTING NANCY,36,12/7/2011 15:43,1.65,12471,Germany
581179,22419,LIPSTICK PEN RED,48,12/7/2011 15:43,0.42,12471,Germany
581179,22728,ALARM CLOCK BAKELIKE PINK,16,12/7/2011 15:43,3.75,12471,Germany
581179,22961,JAM MAKING SET PRINTED,24,12/7/2011 15:43,1.45,12471,Germany
581179,23158,SET OF 5 LUCKY CAT MAGNETS ,24,12/7/2011 15:43,2.08,12471,Germany
581179,23295,SET OF 12 MINI LOAF BAKING CASES,32,12/7/2011 15:43,0.83,12471,Germany
581179,23294,SET OF 6 SNACK LOAF BAKING CASES,16,12/7/2011 15:43,0.83,12471,Germany
581179,23174,REGENCY SUGAR BOWL GREEN,4,12/7/2011 15:43,4.15,12471,Germany
581179,23198,PANTRY MAGNETIC  SHOPPING LIST,24,12/7/2011 15:43,1.45,12471,Germany
581179,23197,SKETCHBOOK MAGNETIC SHOPPING LIST,24,12/7/2011 15:43,1.45,12471,Germany
581179,23319,BOX OF 6 MINI 50'S CRACKERS,12,12/7/2011 15:43,2.49,12471,Germany
581179,23445,ICE CREAM BUBBLES,40,12/7/2011 15:43,0.83,12471,Germany
581179,23559,WOODLAND BUNNIES LOLLY MAKERS,42,12/7/2011 15:43,2.08,12471,Germany
581179,23113,PANTRY CHOPPING BOARD,3,12/7/2011 15:43,4.95,12471,Germany
581179,23368,SET 12 COLOUR PENCILS DOLLY GIRL ,24,12/7/2011 15:43,0.65,12471,Germany
581179,23347,I LOVE LONDON BEAKER,24,12/7/2011 15:43,1.25,12471,Germany
581179,23346,SPACEBOY BEAKER,12,12/7/2011 15:43,1.25,12471,Germany
581179,23108,SET OF 10 LED DOLLY LIGHTS,10,12/7/2011 15:43,6.25,12471,Germany
581179,23345, DOLLY GIRL BEAKER,12,12/7/2011 15:43,1.25,12471,Germany
581179,23254,CHILDRENS CUTLERY DOLLY GIRL ,4,12/7/2011 15:43,4.15,12471,Germany
581179,23256,CHILDRENS CUTLERY SPACEBOY ,4,12/7/2011 15:43,4.15,12471,Germany
581179,23473,WOODLAND SMALL RED FELT HEART,24,12/7/2011 15:43,0.83,12471,Germany
581179,23474,WOODLAND SMALL BLUE FELT HEART,24,12/7/2011 15:43,0.83,12471,Germany
581179,23475,WOODLAND SMALL PINK FELT HEART,24,12/7/2011 15:43,0.83,12471,Germany
581179,23480,MINI LIGHTS WOODLAND MUSHROOMS,24,12/7/2011 15:43,3.75,12471,Germany
581179,23569,TRADTIONAL ALPHABET STAMP SET,12,12/7/2011 15:43,4.95,12471,Germany
581179,84012,MAGIC SHEEP WOOL GROWING FROM PAPER,72,12/7/2011 15:43,0.85,12471,Germany
581179,23552,BICYCLE PUNCTURE REPAIR KIT ,6,12/7/2011 15:43,2.08,12471,Germany
581179,23576,SNACK TRAY RED VINTAGE DOILY,8,12/7/2011 15:43,1.95,12471,Germany
581179,23579,SNACK TRAY I LOVE LONDON,8,12/7/2011 15:43,1.95,12471,Germany
581179,23580,SNACK TRAY HAPPY FOREST  ,8,12/7/2011 15:43,1.95,12471,Germany
581179,23084,RABBIT NIGHT LIGHT,24,12/7/2011 15:43,1.79,12471,Germany
581179,POST,POSTAGE,1,12/7/2011 15:43,240.0,12471,Germany
581180,23497,CLASSIC CHROME BICYCLE BELL ,12,12/7/2011 15:52,1.45,12347,Iceland
581180,23552,BICYCLE PUNCTURE REPAIR KIT ,6,12/7/2011 15:52,2.08,12347,Iceland
581180,21064,BOOM BOX SPEAKER BOYS,24,12/7/2011 15:52,1.25,12347,Iceland
581180,84625A,PINK NEW BAROQUECANDLESTICK CANDLE,24,12/7/2011 15:52,0.85,12347,Iceland
581180,21731,RED TOADSTOOL LED NIGHT LIGHT,24,12/7/2011 15:52,1.65,12347,Iceland
581180,23084,RABBIT NIGHT LIGHT,24,12/7/2011 15:52,1.79,12347,Iceland
581180,20719,WOODLAND CHARLOTTE BAG,10,12/7/2011 15:52,0.85,12347,Iceland
581180,21265,PINK GOOSE FEATHER TREE 60CM,12,12/7/2011 15:52,1.95,12347,Iceland
581180,23271,CHRISTMAS TABLE SILVER CANDLE SPIKE,16,12/7/2011 15:52,0.83,12347,Iceland
581180,23506,MINI PLAYING CARDS SPACEBOY ,20,12/7/2011 15:52,0.42,12347,Iceland
581180,23508,MINI PLAYING CARDS DOLLY GIRL ,20,12/7/2011 15:52,0.42,12347,Iceland
581181,23695,DOILY THANK YOU CARD,12,12/7/2011 15:55,0.42,14189,United Kingdom
581181,16258A,SWIRLY CIRCULAR RUBBERS IN BAG,36,12/7/2011 15:55,0.19,14189,United Kingdom
581181,21111,"SWISS ROLL TOWEL, CHOCOLATE  SPOTS",24,12/7/2011 15:55,1.25,14189,United Kingdom
581181,21705,BAG 500g SWIRLY MARBLES,24,12/7/2011 15:55,0.39,14189,United Kingdom
581181,22410,MONEY BOX HOUSEKEEPING DESIGN,12,12/7/2011 15:55,0.39,14189,United Kingdom
581181,22438,BALLOON ART MAKE YOUR OWN FLOWERS,50,12/7/2011 15:55,0.39,14189,United Kingdom
581181,22742,MAKE YOUR OWN PLAYTIME CARD KIT,12,12/7/2011 15:55,0.79,14189,United Kingdom
581181,22910,PAPER CHAIN KIT VINTAGE CHRISTMAS,18,12/7/2011 15:55,2.95,14189,United Kingdom
581181,21914,BLUE HARMONICA IN BOX ,12,12/7/2011 15:55,1.25,14189,United Kingdom
581181,21181,PLEASE ONE PERSON METAL SIGN,12,12/7/2011 15:55,2.1,14189,United Kingdom
581181,22144,CHRISTMAS CRAFT LITTLE FRIENDS,6,12/7/2011 15:55,2.1,14189,United Kingdom
581181,84755,COLOUR GLASS T-LIGHT HOLDER HANGING,16,12/7/2011 15:55,0.65,14189,United Kingdom
581181,22726,ALARM CLOCK BAKELIKE GREEN,8,12/7/2011 15:55,3.75,14189,United Kingdom
581181,22814,CARD PARTY GAMES ,12,12/7/2011 15:55,0.42,14189,United Kingdom
581181,21507,ELEPHANT BIRTHDAY CARD ,24,12/7/2011 15:55,0.42,14189,United Kingdom
581181,21908,CHOCOLATE THIS WAY METAL SIGN,12,12/7/2011 15:55,2.1,14189,United Kingdom
581181,23501,KEY RING BASEBALL BOOT UNION JACK,20,12/7/2011 15:55,1.25,14189,United Kingdom
581181,23694,PAISLEY PARK CARD,12,12/7/2011 15:55,0.42,14189,United Kingdom
581182,20831,GOLD PHOTO FRAME,12,12/7/2011 15:56,0.79,12783,Portugal
581182,21115,ROSE CARAVAN DOORSTOP,8,12/7/2011 15:56,1.95,12783,Portugal
581182,21109,LARGE CAKE TOWEL CHOCOLATE SPOTS,12,12/7/2011 15:56,1.95,12783,Portugal
581182,21128,GOLD FISHING GNOME,8,12/7/2011 15:56,1.95,12783,Portugal
581182,22199,FRYING PAN RED RETROSPOT,6,12/7/2011 15:56,1.25,12783,Portugal
581182,22203,MILK PAN RED RETROSPOT,6,12/7/2011 15:56,1.25,12783,Portugal
581182,22442,GROW YOUR OWN FLOWERS SET OF 3,12,12/7/2011 15:56,1.95,12783,Portugal
581182,22496,SET OF 2 ROUND TINS DUTCH CHEESE,12,12/7/2011 15:56,0.79,12783,Portugal
581182,23302,KNEELING MAT HOUSEWORK  DESIGN,24,12/7/2011 15:56,0.79,12783,Portugal
581182,21907,I'M ON HOLIDAY METAL SIGN,12,12/7/2011 15:56,2.1,12783,Portugal
581182,21166,COOK WITH WINE METAL SIGN ,12,12/7/2011 15:56,2.08,12783,Portugal
581182,23284,DOORMAT KEEP CALM AND COME IN,4,12/7/2011 15:56,8.25,12783,Portugal
581182,22366,DOORMAT AIRMAIL ,2,12/7/2011 15:56,8.25,12783,Portugal
581182,22690,DOORMAT HOME SWEET HOME BLUE ,2,12/7/2011 15:56,8.25,12783,Portugal
581182,22692,DOORMAT WELCOME TO OUR HOME,2,12/7/2011 15:56,8.25,12783,Portugal
581182,POST,POSTAGE,4,12/7/2011 15:56,28.0,12783,Portugal
581182,23108,SET OF 10 LED DOLLY LIGHTS,4,12/7/2011 15:56,6.25,12783,Portugal
581183,22199,FRYING PAN RED RETROSPOT,6,12/7/2011 16:24,1.25,12569,Germany
581183,22200,FRYING PAN PINK POLKADOT,6,12/7/2011 16:24,1.25,12569,Germany
581183,22398,MAGNETS PACK OF 4 SWALLOWS,24,12/7/2011 16:24,0.39,12569,Germany
581183,22057,CERAMIC PLATE STRAWBERRY DESIGN,16,12/7/2011 16:24,0.39,12569,Germany
581183,22059,CERAMIC STRAWBERRY DESIGN MUG,24,12/7/2011 16:24,0.39,12569,Germany
581183,22055,MINI CAKE STAND  HANGING STRAWBERY,16,12/7/2011 16:24,0.39,12569,Germany
581183,22063,CERAMIC BOWL WITH STRAWBERRY DESIGN,18,12/7/2011 16:24,0.79,12569,Germany
581183,22123,PING MICROWAVE APRON,12,12/7/2011 16:24,0.79,12569,Germany
581183,22124,SET OF 2 TEA TOWELS PING MICROWAVE,12,12/7/2011 16:24,0.79,12569,Germany
581183,POST,POSTAGE,4,12/7/2011 16:24,18.0,12569,Germany
581184,22221,CAKE STAND LOVEBIRD 2 TIER PINK,6,12/7/2011 16:24,2.95,12569,Germany
581184,22475,SKULL DESIGN TV DINNER TRAY,8,12/7/2011 16:24,1.95,12569,Germany
581184,22776,SWEETHEART 3 TIER CAKE STAND ,2,12/7/2011 16:24,9.95,12569,Germany
581184,POST,POSTAGE,2,12/7/2011 16:24,18.0,12569,Germany
581184,22220,CAKE STAND LOVEBIRD 2 TIER WHITE,6,12/7/2011 16:24,2.95,12569,Germany
581185,22727,ALARM CLOCK BAKELIKE RED ,24,12/7/2011 16:29,3.75,16672,United Kingdom
581185,22726,ALARM CLOCK BAKELIKE GREEN,42,12/7/2011 16:29,3.75,16672,United Kingdom
581185,22725,ALARM CLOCK BAKELIKE CHOCOLATE,6,12/7/2011 16:29,3.75,16672,United Kingdom
581186,22727,ALARM CLOCK BAKELIKE RED ,8,12/7/2011 16:39,3.75,13756,United Kingdom
581186,22726,ALARM CLOCK BAKELIKE GREEN,8,12/7/2011 16:39,3.75,13756,United Kingdom
581186,23077,DOUGHNUT LIP GLOSS ,40,12/7/2011 16:39,1.25,13756,United Kingdom
581186,22866,HAND WARMER SCOTTY DOG DESIGN,12,12/7/2011 16:39,2.1,13756,United Kingdom
581186,22865,HAND WARMER OWL DESIGN,12,12/7/2011 16:39,2.1,13756,United Kingdom
581186,22867,HAND WARMER BIRD DESIGN,12,12/7/2011 16:39,2.1,13756,United Kingdom
581186,21314,SMALL GLASS HEART TRINKET POT,24,12/7/2011 16:39,2.1,13756,United Kingdom
581186,22312,OFFICE MUG WARMER POLKADOT,4,12/7/2011 16:39,2.95,13756,United Kingdom
581187,21484,CHICK GREY HOT WATER BOTTLE,8,12/7/2011 16:44,4.25,13756,United Kingdom
581187,21485,RETROSPOT HEART HOT WATER BOTTLE,6,12/7/2011 16:44,4.95,13756,United Kingdom
581187,22727,ALARM CLOCK BAKELIKE RED ,12,12/7/2011 16:44,3.75,13756,United Kingdom
581187,22726,ALARM CLOCK BAKELIKE GREEN,12,12/7/2011 16:44,3.75,13756,United Kingdom
581187,23077,DOUGHNUT LIP GLOSS ,100,12/7/2011 16:44,1.25,13756,United Kingdom
581187,22866,HAND WARMER SCOTTY DOG DESIGN,24,12/7/2011 16:44,2.1,13756,United Kingdom
581187,23439,HAND WARMER RED LOVE HEART,24,12/7/2011 16:44,2.1,13756,United Kingdom
581187,22865,HAND WARMER OWL DESIGN,24,12/7/2011 16:44,2.1,13756,United Kingdom
581187,22867,HAND WARMER BIRD DESIGN,24,12/7/2011 16:44,2.1,13756,United Kingdom
581187,21314,SMALL GLASS HEART TRINKET POT,48,12/7/2011 16:44,1.85,13756,United Kingdom
581187,22312,OFFICE MUG WARMER POLKADOT,10,12/7/2011 16:44,2.95,13756,United Kingdom
581188,21408,SPOTTY PINK DUCK DOORSTOP,32,12/7/2011 16:47,1.95,17735,United Kingdom
581188,21417,COCKLE SHELL DISH,24,12/7/2011 16:47,0.79,17735,United Kingdom
581188,21415,CLAM SHELL SMALL ,24,12/7/2011 16:47,0.79,17735,United Kingdom
581188,21420,OYSTER TRINKET BOX,24,12/7/2011 16:47,0.79,17735,United Kingdom
581188,21592,RETROSPOT CIGAR BOX MATCHES ,24,12/7/2011 16:47,0.39,17735,United Kingdom
581188,22059,CERAMIC STRAWBERRY DESIGN MUG,96,12/7/2011 16:47,0.39,17735,United Kingdom
581188,22061,LARGE CAKE STAND  HANGING STRAWBERY,16,12/7/2011 16:47,2.95,17735,United Kingdom
581188,22055,MINI CAKE STAND  HANGING STRAWBERY,32,12/7/2011 16:47,0.39,17735,United Kingdom
581188,22185,SLATE TILE NATURAL HANGING,24,12/7/2011 16:47,0.79,17735,United Kingdom
581188,22299,PIG KEYRING WITH LIGHT & SOUND ,96,12/7/2011 16:47,0.39,17735,United Kingdom
581188,22464,HANGING METAL HEART LANTERN,48,12/7/2011 16:47,0.79,17735,United Kingdom
581188,22465,HANGING METAL STAR LANTERN,24,12/7/2011 16:47,0.79,17735,United Kingdom
581188,22442,GROW YOUR OWN FLOWERS SET OF 3,24,12/7/2011 16:47,1.95,17735,United Kingdom
581188,22990,COTTON APRON PANTRY DESIGN,12,12/7/2011 16:47,1.95,17735,United Kingdom
581188,21115,ROSE CARAVAN DOORSTOP,8,12/7/2011 16:47,1.95,17735,United Kingdom
581188,21698,MOCK LOBSTER FRIDGE MAGNET,24,12/7/2011 16:47,0.39,17735,United Kingdom
581188,20725,LUNCH BAG RED RETROSPOT,10,12/7/2011 16:47,1.65,17735,United Kingdom
581188,20728,LUNCH BAG CARS BLUE,10,12/7/2011 16:47,1.65,17735,United Kingdom
581188,20726,LUNCH BAG WOODLAND,10,12/7/2011 16:47,1.65,17735,United Kingdom
581188,20727,LUNCH BAG  BLACK SKULL.,10,12/7/2011 16:47,1.65,17735,United Kingdom
581188,22382,LUNCH BAG SPACEBOY DESIGN ,10,12/7/2011 16:47,1.65,17735,United Kingdom
581188,23209,LUNCH BAG VINTAGE DOILY ,10,12/7/2011 16:47,1.65,17735,United Kingdom
581188,23681,LUNCH BAG RED VINTAGE DOILY,10,12/7/2011 16:47,1.65,17735,United Kingdom
581188,23208,LUNCH BAG VINTAGE LEAF DESIGN,10,12/7/2011 16:47,1.65,17735,United Kingdom
581188,84375,SET OF 20 KIDS COOKIE CUTTERS,12,12/7/2011 16:47,2.1,17735,United Kingdom
581188,21975,PACK OF 60 DINOSAUR CAKE CASES,24,12/7/2011 16:47,0.55,17735,United Kingdom
581188,22417,PACK OF 60 SPACEBOY CAKE CASES,24,12/7/2011 16:47,0.55,17735,United Kingdom
581188,21213,PACK OF 72 SKULL CAKE CASES,24,12/7/2011 16:47,0.55,17735,United Kingdom
581188,21976,PACK OF 60 MUSHROOM CAKE CASES,24,12/7/2011 16:47,0.55,17735,United Kingdom
581188,21977,PACK OF 60 PINK PAISLEY CAKE CASES,24,12/7/2011 16:47,0.55,17735,United Kingdom
581188,22951,60 CAKE CASES DOLLY GIRL DESIGN,24,12/7/2011 16:47,0.55,17735,United Kingdom
581188,23294,SET OF 6 SNACK LOAF BAKING CASES,8,12/7/2011 16:47,0.83,17735,United Kingdom
581188,23295,SET OF 12 MINI LOAF BAKING CASES,8,12/7/2011 16:47,0.83,17735,United Kingdom
581188,23293,SET OF 12 FAIRY CAKE BAKING CASES,8,12/7/2011 16:47,0.83,17735,United Kingdom
581188,23308,SET OF 60 VINTAGE LEAF CAKE CASES ,24,12/7/2011 16:47,0.55,17735,United Kingdom
581188,84992,72 SWEETHEART FAIRY CAKE CASES,24,12/7/2011 16:47,0.55,17735,United Kingdom
581188,23309,SET OF 60 I LOVE LONDON CAKE CASES ,24,12/7/2011 16:47,0.55,17735,United Kingdom
581188,22845,VINTAGE CREAM CAT FOOD CONTAINER,2,12/7/2011 16:47,6.35,17735,United Kingdom
581188,22844,VINTAGE CREAM DOG FOOD CONTAINER,2,12/7/2011 16:47,8.5,17735,United Kingdom
581188,21088,SET/6 FRUIT SALAD PAPER CUPS,24,12/7/2011 16:47,0.19,17735,United Kingdom
581188,23582,VINTAGE DOILY JUMBO BAG RED ,10,12/7/2011 16:47,2.08,17735,United Kingdom
581188,22632,HAND WARMER RED RETROSPOT,12,12/7/2011 16:47,2.1,17735,United Kingdom
581188,22866,HAND WARMER SCOTTY DOG DESIGN,12,12/7/2011 16:47,2.1,17735,United Kingdom
581188,22867,HAND WARMER BIRD DESIGN,12,12/7/2011 16:47,2.1,17735,United Kingdom
581188,70006,LOVE HEART POCKET WARMER,30,12/7/2011 16:47,0.79,17735,United Kingdom
581188,21441,BLUE BIRDHOUSE DECORATION,24,12/7/2011 16:47,0.19,17735,United Kingdom
581188,21442,GREEN BIRDHOUSE DECORATION,24,12/7/2011 16:47,0.19,17735,United Kingdom
581190,84801A,check,-102,12/7/2011 16:55,0.0,,United Kingdom
581191,21370,MIRRORED WALL ART FOXY,3,12/7/2011 16:56,1.65,17449,United Kingdom
581191,22796,PHOTO FRAME 3 CLASSIC HANGING,1,12/7/2011 16:56,9.95,17449,United Kingdom
581191,85150,LADIES & GENTLEMEN METAL SIGN,2,12/7/2011 16:56,2.55,17449,United Kingdom
581191,82582,AREA PATROLLED METAL SIGN,2,12/7/2011 16:56,2.1,17449,United Kingdom
581191,82567,"AIRLINE LOUNGE,METAL SIGN",1,12/7/2011 16:56,2.1,17449,United Kingdom
581191,21166,COOK WITH WINE METAL SIGN ,2,12/7/2011 16:56,2.08,17449,United Kingdom
581191,21174,POTTERING IN THE SHED METAL SIGN,1,12/7/2011 16:56,2.08,17449,United Kingdom
581191,21164,HOME SWEET HOME METAL SIGN ,1,12/7/2011 16:56,2.95,17449,United Kingdom
581191,23329,DECORATIVE WICKER HEART LARGE,1,12/7/2011 16:56,1.65,17449,United Kingdom
581191,22269,EGG CUP NATURAL CHICKEN,16,12/7/2011 16:56,0.39,17449,United Kingdom
581191,23322,LARGE WHITE HEART OF WICKER,2,12/7/2011 16:56,2.95,17449,United Kingdom
581191,23430,BLUE RETRO KITCHEN WALL CLOCK,1,12/7/2011 16:56,8.15,17449,United Kingdom
581191,23143,ZINC WIRE KITCHEN ORGANISER,2,12/7/2011 16:56,3.95,17449,United Kingdom
581191,23428,IVORY RETRO KITCHEN WALL CLOCK,1,12/7/2011 16:56,8.15,17449,United Kingdom
581191,22795,SWEETHEART RECIPE BOOK STAND,3,12/7/2011 16:56,6.75,17449,United Kingdom
581191,22728,ALARM CLOCK BAKELIKE PINK,1,12/7/2011 16:56,3.75,17449,United Kingdom
581191,22726,ALARM CLOCK BAKELIKE GREEN,1,12/7/2011 16:56,3.75,17449,United Kingdom
581191,22730,ALARM CLOCK BAKELIKE IVORY,1,12/7/2011 16:56,3.75,17449,United Kingdom
581191,22470,HEART OF WICKER LARGE,4,12/7/2011 16:56,2.95,17449,United Kingdom
581191,23457,LARGE PARLOUR PICTURE FRAME,2,12/7/2011 16:56,4.95,17449,United Kingdom
581191,22178,VICTORIAN GLASS HANGING T-LIGHT,6,12/7/2011 16:56,1.95,17449,United Kingdom
581191,23400,SHELF WITH 4 HOOKS HOME SWEET HOME,2,12/7/2011 16:56,6.25,17449,United Kingdom
581191,22171,3 HOOK PHOTO SHELF ANTIQUE WHITE,1,12/7/2011 16:56,8.5,17449,United Kingdom
581191,84880,WHITE WIRE EGG HOLDER,2,12/7/2011 16:56,7.5,17449,United Kingdom
581191,82494L,WOODEN FRAME ANTIQUE WHITE ,4,12/7/2011 16:56,2.95,17449,United Kingdom
581191,82482,WOODEN PICTURE FRAME WHITE FINISH,2,12/7/2011 16:56,2.95,17449,United Kingdom
581191,22173,METAL 4 HOOK HANGER FRENCH CHATEAU,4,12/7/2011 16:56,3.29,17449,United Kingdom
581191,22866,HAND WARMER SCOTTY DOG DESIGN,4,12/7/2011 16:56,2.1,17449,United Kingdom
581191,21408,SPOTTY PINK DUCK DOORSTOP,1,12/7/2011 16:56,1.95,17449,United Kingdom
581191,21733,RED HANGING HEART T-LIGHT HOLDER,2,12/7/2011 16:56,2.95,17449,United Kingdom
581191,23357,HOT WATER BOTTLE SEX BOMB,1,12/7/2011 16:56,1.65,17449,United Kingdom
581191,21730,GLASS STAR FROSTED T-LIGHT HOLDER,1,12/7/2011 16:56,4.95,17449,United Kingdom
581191,23329,DECORATIVE WICKER HEART LARGE,1,12/7/2011 16:56,1.65,17449,United Kingdom
581191,23503,PLAYING CARDS KEEP CALM & CARRY ON,2,12/7/2011 16:56,1.25,17449,United Kingdom
581191,23439,HAND WARMER RED LOVE HEART,4,12/7/2011 16:56,2.1,17449,United Kingdom
581191,23035,DRAWER KNOB CERAMIC IVORY,18,12/7/2011 16:56,1.45,17449,United Kingdom
581191,21411,GINGHAM HEART  DOORSTOP RED,2,12/7/2011 16:56,1.95,17449,United Kingdom
581191,21818,GLITTER HEART DECORATION,5,12/7/2011 16:56,0.39,17449,United Kingdom
581191,23559,WOODLAND BUNNIES LOLLY MAKERS,1,12/7/2011 16:56,2.08,17449,United Kingdom
581191,23571,TRADITIONAL NAUGHTS & CROSSES,1,12/7/2011 16:56,1.65,17449,United Kingdom
581191,16225,RATTLE SNAKE EGGS,1,12/7/2011 16:56,0.39,17449,United Kingdom
581191,90214H,"LETTER ""H"" BLING KEY RING",1,12/7/2011 16:56,0.29,17449,United Kingdom
581191,90214C,"LETTER ""C"" BLING KEY RING",1,12/7/2011 16:56,0.29,17449,United Kingdom
581191,90081C,LILY BROOCH OLIVE COLOUR,1,12/7/2011 16:56,4.95,17449,United Kingdom
581191,90082B,DIAMANTE BOW BROOCH RED COLOUR,1,12/7/2011 16:56,6.35,17449,United Kingdom
581191,90082A,DIAMANTE BOW BROOCH GREEN COLOUR,1,12/7/2011 16:56,6.35,17449,United Kingdom
581191,90183A,AMBER DROP EARRINGS W LONG BEADS,1,12/7/2011 16:56,2.95,17449,United Kingdom
581191,90081A,LILY BROOCH AMETHYST COLOUR,2,12/7/2011 16:56,4.95,17449,United Kingdom
581191,90073,VINTAGE ENAMEL & CRYSTAL EARRINGS,2,12/7/2011 16:56,4.95,17449,United Kingdom
581191,90022,EDWARDIAN DROP EARRINGS JET BLACK,2,12/7/2011 16:56,3.75,17449,United Kingdom
581191,90192,JADE DROP EARRINGS W FILIGREE,2,12/7/2011 16:56,4.95,17449,United Kingdom
581191,90161C,ANT COPPER LIME BOUDICCA BRACELET,2,12/7/2011 16:56,4.95,17449,United Kingdom
581191,90161D,ANT COPPER PINK BOUDICCA BRACELET,2,12/7/2011 16:56,4.95,17449,United Kingdom
581191,90161A,ANT COPPER RED BOUDICCA BRACELET,2,12/7/2011 16:56,4.95,17449,United Kingdom
581191,90161B,ANT COPPER TURQ BOUDICCA BRACELET,2,12/7/2011 16:56,4.95,17449,United Kingdom
581191,90200B,BLACK SWEETHEART BRACELET,3,12/7/2011 16:56,4.25,17449,United Kingdom
581191,90200E,GREEN SWEETHEART BRACELET,3,12/7/2011 16:56,4.25,17449,United Kingdom
581191,90200D,PINK SWEETHEART BRACELET,3,12/7/2011 16:56,4.25,17449,United Kingdom
581191,90200A,PURPLE SWEETHEART BRACELET,3,12/7/2011 16:56,4.25,17449,United Kingdom
581192,21108,FAIRY CAKE FLANNEL ASSORTED COLOUR,18,12/7/2011 17:05,0.79,15883,United Kingdom
581192,21109,LARGE CAKE TOWEL CHOCOLATE SPOTS,2,12/7/2011 17:05,1.95,15883,United Kingdom
581192,72349B,SET/6 PURPLE BUTTERFLY T-LIGHTS,3,12/7/2011 17:05,2.1,15883,United Kingdom
581192,23351,ROLL WRAP 50'S CHRISTMAS,1,12/7/2011 17:05,1.25,15883,United Kingdom
581192,23352,ROLL WRAP 50'S RED CHRISTMAS ,1,12/7/2011 17:05,1.25,15883,United Kingdom
581192,20679,EDWARDIAN PARASOL RED,2,12/7/2011 17:05,5.95,15883,United Kingdom
581192,22891,TEA FOR ONE POLKADOT,2,12/7/2011 17:05,4.25,15883,United Kingdom
581192,22305,COFFEE MUG PINK PAISLEY DESIGN,12,12/7/2011 17:05,2.55,15883,United Kingdom
581192,22303,COFFEE MUG APPLES DESIGN,12,12/7/2011 17:05,2.55,15883,United Kingdom
581192,37500,TEA TIME TEAPOT IN GIFT BOX,2,12/7/2011 17:05,4.95,15883,United Kingdom
581192,85034B,3 WHITE CHOC MORRIS BOXED CANDLES,3,12/7/2011 17:05,1.25,15883,United Kingdom
581192,22654,DELUXE SEWING KIT ,2,12/7/2011 17:05,5.95,15883,United Kingdom
581192,22898,CHILDRENS APRON APPLES DESIGN,2,12/7/2011 17:05,1.95,15883,United Kingdom
581192,22895,SET OF 2 TEA TOWELS APPLE AND PEARS,1,12/7/2011 17:05,3.25,15883,United Kingdom
581192,22897,OVEN MITT APPLES DESIGN,2,12/7/2011 17:05,1.45,15883,United Kingdom
581192,72741,GRAND CHOCOLATECANDLE,9,12/7/2011 17:05,1.45,15883,United Kingdom
581192,23493,VINTAGE DOILY TRAVEL SEWING KIT,3,12/7/2011 17:05,1.95,15883,United Kingdom
581192,22423,REGENCY CAKESTAND 3 TIER,2,12/7/2011 17:05,12.75,15883,United Kingdom
581192,21616,4 PEAR BOTANICAL DINNER CANDLES,2,12/7/2011 17:05,3.75,15883,United Kingdom
581192,21620,SET OF 4 ROSE BOTANICAL CANDLES,3,12/7/2011 17:05,1.25,15883,United Kingdom
581192,23355,HOT WATER BOTTLE KEEP CALM,1,12/7/2011 17:05,4.95,15883,United Kingdom
581192,22111,SCOTTIE DOG HOT WATER BOTTLE,2,12/7/2011 17:05,4.95,15883,United Kingdom
581192,23357,HOT WATER BOTTLE SEX BOMB,1,12/7/2011 17:05,1.65,15883,United Kingdom
581192,22819,"BIRTHDAY CARD, RETRO SPOT",12,12/7/2011 17:05,0.42,15883,United Kingdom
581192,22031,BOTANICAL LAVENDER BIRTHDAY CARD,12,12/7/2011 17:05,0.42,15883,United Kingdom
581192,23695,DOILY THANK YOU CARD,12,12/7/2011 17:05,0.42,15883,United Kingdom
581192,22718,CARD CAT AND TREE ,12,12/7/2011 17:05,0.42,15883,United Kingdom
581192,21506,"FANCY FONT BIRTHDAY CARD, ",12,12/7/2011 17:05,0.42,15883,United Kingdom
581192,22071,SMALL WHITE RETROSPOT MUG IN BOX ,3,12/7/2011 17:05,3.75,15883,United Kingdom
581193,21135,VICTORIAN  METAL POSTCARD SPRING,4,12/7/2011 17:05,1.69,17097,Spain
581193,72349B,SET/6 PURPLE BUTTERFLY T-LIGHTS,1,12/7/2011 17:05,2.1,17097,Spain
581193,85034B,3 WHITE CHOC MORRIS BOXED CANDLES,4,12/7/2011 17:05,1.25,17097,Spain
581193,84843,WHITE SOAP RACK WITH 2 BOTTLES,2,12/7/2011 17:05,5.95,17097,Spain
581193,21216,"SET 3 RETROSPOT TEA,COFFEE,SUGAR",1,12/7/2011 17:05,4.95,17097,Spain
581193,23321,SMALL WHITE HEART OF WICKER,1,12/7/2011 17:05,1.65,17097,Spain
581193,22469,HEART OF WICKER SMALL,1,12/7/2011 17:05,1.65,17097,Spain
581193,21883,STARS GIFT TAPE ,2,12/7/2011 17:05,0.65,17097,Spain
581193,21880,RED RETROSPOT TAPE,2,12/7/2011 17:05,0.65,17097,Spain
581193,23493,VINTAGE DOILY TRAVEL SEWING KIT,2,12/7/2011 17:05,1.95,17097,Spain
581193,22645,CERAMIC HEART FAIRY CAKE MONEY BANK,1,12/7/2011 17:05,0.39,17097,Spain
581193,22644,CERAMIC CHERRY CAKE MONEY BANK,1,12/7/2011 17:05,0.39,17097,Spain
581193,22464,HANGING METAL HEART LANTERN,1,12/7/2011 17:05,0.79,17097,Spain
581193,22465,HANGING METAL STAR LANTERN,1,12/7/2011 17:05,0.79,17097,Spain
581193,85123A,WHITE HANGING HEART T-LIGHT HOLDER,1,12/7/2011 17:05,2.95,17097,Spain
581193,21733,RED HANGING HEART T-LIGHT HOLDER,1,12/7/2011 17:05,2.95,17097,Spain
581193,22219,LOVEBIRD HANGING DECORATION WHITE ,4,12/7/2011 17:05,0.85,17097,Spain
581193,23265,SET OF 3 WOODEN TREE DECORATIONS,2,12/7/2011 17:05,1.25,17097,Spain
581193,23227,FILIGREE HEART BUTTERFLY WHITE ,4,12/7/2011 17:05,1.25,17097,Spain
581193,23266,SET OF 3 WOODEN STOCKING DECORATION,2,12/7/2011 17:05,1.25,17097,Spain
581193,23264,SET OF 3 WOODEN SLEIGH DECORATIONS,2,12/7/2011 17:05,1.25,17097,Spain
581193,23263,SET OF 3 WOODEN HEART DECORATIONS,2,12/7/2011 17:05,1.25,17097,Spain
581193,72741,GRAND CHOCOLATECANDLE,9,12/7/2011 17:05,1.45,17097,Spain
581193,23452,HEART MINI PORTRAIT FRAME,2,12/7/2011 17:05,1.95,17097,Spain
581193,22907,PACK OF 20 NAPKINS PANTRY DESIGN,1,12/7/2011 17:05,0.85,17097,Spain
581193,22851,SET 20 NAPKINS FAIRY CAKES DESIGN ,1,12/7/2011 17:05,0.85,17097,Spain
581193,23209,LUNCH BAG VINTAGE DOILY ,1,12/7/2011 17:05,1.65,17097,Spain
581193,22662,LUNCH BAG DOLLY GIRL DESIGN,1,12/7/2011 17:05,1.65,17097,Spain
581193,23583,LUNCH BAG PAISLEY PARK  ,1,12/7/2011 17:05,1.65,17097,Spain
581193,22896,PEG BAG APPLES DESIGN,1,12/7/2011 17:05,2.55,17097,Spain
581193,23203,JUMBO BAG VINTAGE DOILY ,1,12/7/2011 17:05,2.08,17097,Spain
581193,22393,PAPERWEIGHT VINTAGE COLLAGE,2,12/7/2011 17:05,0.39,17097,Spain
581193,22391,PAPERWEIGHT HOME SWEET HOME,2,12/7/2011 17:05,0.39,17097,Spain
581193,23454,THREE MINI HANGING FRAMES,1,12/7/2011 17:05,4.15,17097,Spain
581193,84536A,ENGLISH ROSE NOTEBOOK A7 SIZE,2,12/7/2011 17:05,0.42,17097,Spain
581193,84535B,FAIRY CAKES NOTEBOOK A6 SIZE,2,12/7/2011 17:05,0.65,17097,Spain
581193,22755,SMALL PURPLE BABUSHKA NOTEBOOK ,1,12/7/2011 17:05,0.21,17097,Spain
581193,22753,SMALL YELLOW BABUSHKA NOTEBOOK ,1,12/7/2011 17:05,0.21,17097,Spain
581193,22754,SMALL RED BABUSHKA NOTEBOOK ,1,12/7/2011 17:05,0.21,17097,Spain
581193,23372,SET 36 COLOUR PENCILS DOLLY GIRL,1,12/7/2011 17:05,1.25,17097,Spain
581193,23371,SET 36 COLOUR PENCILS SPACEBOY ,1,12/7/2011 17:05,1.25,17097,Spain
581193,23254,CHILDRENS CUTLERY DOLLY GIRL ,1,12/7/2011 17:05,4.15,17097,Spain
581193,22326,ROUND SNACK BOXES SET OF4 WOODLAND ,2,12/7/2011 17:05,2.95,17097,Spain
581193,22629,SPACEBOY LUNCH BOX ,1,12/7/2011 17:05,1.95,17097,Spain
581193,22631,CIRCUS PARADE LUNCH BOX ,1,12/7/2011 17:05,1.95,17097,Spain
581193,23290,SPACEBOY CHILDRENS BOWL,2,12/7/2011 17:05,1.25,17097,Spain
581193,23289,DOLLY GIRL CHILDRENS BOWL,2,12/7/2011 17:05,1.25,17097,Spain
581193,23292,SPACEBOY CHILDRENS CUP,2,12/7/2011 17:05,1.25,17097,Spain
581193,23291,DOLLY GIRL CHILDRENS CUP,2,12/7/2011 17:05,1.25,17097,Spain
581193,85232D,SET/3 DECOUPAGE STACKING TINS,1,12/7/2011 17:05,4.95,17097,Spain
581193,22721,SET OF 3 CAKE TINS SKETCHBOOK,2,12/7/2011 17:05,1.95,17097,Spain
581193,23241,TREASURE TIN GYMKHANA DESIGN,1,12/7/2011 17:05,2.08,17097,Spain
581193,23247,BISCUIT TIN 50'S CHRISTMAS,1,12/7/2011 17:05,2.89,17097,Spain
581194,22059,CERAMIC STRAWBERRY DESIGN MUG,48,12/7/2011 17:17,0.39,15298,United Kingdom
581194,21563,RED HEART SHAPE LOVE BUCKET ,24,12/7/2011 17:17,0.79,15298,United Kingdom
581194,22064,PINK DOUGHNUT TRINKET POT ,48,12/7/2011 17:17,0.39,15298,United Kingdom
581194,22190,LOCAL CAFE MUG,24,12/7/2011 17:17,0.39,15298,United Kingdom
581194,22422,TOOTHPASTE TUBE PEN,50,12/7/2011 17:17,0.12,15298,United Kingdom
581194,22646,CERAMIC STRAWBERRY CAKE MONEY BANK,36,12/7/2011 17:17,0.39,15298,United Kingdom
581194,22644,CERAMIC CHERRY CAKE MONEY BANK,36,12/7/2011 17:17,0.39,15298,United Kingdom
581194,22647,CERAMIC LOVE HEART MONEY BANK,36,12/7/2011 17:17,0.39,15298,United Kingdom
581194,22645,CERAMIC HEART FAIRY CAKE MONEY BANK,36,12/7/2011 17:17,0.39,15298,United Kingdom
581194,22807,SET OF 6 T-LIGHTS TOADSTOOLS,12,12/7/2011 17:17,1.25,15298,United Kingdom
581194,23239,SET OF 4 KNICK KNACK TINS POPPIES,6,12/7/2011 17:17,1.65,15298,United Kingdom
581194,35001G,HAND OPEN SHAPE GOLD,12,12/7/2011 17:17,1.25,15298,United Kingdom
581194,35004G,SET OF 3 GOLD FLYING DUCKS,12,12/7/2011 17:17,1.95,15298,United Kingdom
581194,21098,CHRISTMAS TOILET ROLL,24,12/7/2011 17:17,1.25,15298,United Kingdom
581194,22355,CHARLOTTE BAG SUKI DESIGN,10,12/7/2011 17:17,0.85,15298,United Kingdom
581194,22661,CHARLOTTE BAG DOLLY GIRL DESIGN,10,12/7/2011 17:17,0.85,15298,United Kingdom
581194,79321,CHILLI LIGHTS,4,12/7/2011 17:17,5.75,15298,United Kingdom
581194,22941,CHRISTMAS LIGHTS 10 REINDEER,6,12/7/2011 17:17,8.5,15298,United Kingdom
581195,23552,BICYCLE PUNCTURE REPAIR KIT ,6,12/7/2011 17:22,2.08,12935,United Kingdom
581196,23461,SWEETHEART BIRD HOUSE,4,12/7/2011 17:25,4.15,12935,United Kingdom
581196,84378,SET OF 3 HEART COOKIE CUTTERS,12,12/7/2011 17:25,1.45,12935,United Kingdom
581196,23504,PLAYING CARDS JUBILEE UNION JACK,12,12/7/2011 17:25,1.25,12935,United Kingdom
581196,22418,10 COLOUR SPACEBOY PEN,48,12/7/2011 17:25,0.85,12935,United Kingdom
581196,23310,BUBBLEGUM RING ASSORTED,36,12/7/2011 17:25,0.42,12935,United Kingdom
581196,22961,JAM MAKING SET PRINTED,12,12/7/2011 17:25,1.45,12935,United Kingdom
581196,23307,SET OF 60 PANTRY DESIGN CAKE CASES ,24,12/7/2011 17:25,0.55,12935,United Kingdom
581196,20685,DOORMAT RED RETROSPOT,2,12/7/2011 17:25,8.25,12935,United Kingdom
581196,22558,CLOTHES PEGS RETROSPOT PACK 24 ,12,12/7/2011 17:25,1.65,12935,United Kingdom
581196,22489,PACK OF 12 TRADITIONAL CRAYONS,24,12/7/2011 17:25,0.42,12935,United Kingdom
581196,23570,TRADITIONAL PICK UP STICKS GAME ,24,12/7/2011 17:25,1.25,12935,United Kingdom
581196,85099B,JUMBO BAG RED RETROSPOT,10,12/7/2011 17:25,2.08,12935,United Kingdom
581196,23581,JUMBO BAG PAISLEY PARK,10,12/7/2011 17:25,2.08,12935,United Kingdom
581196,22411,JUMBO SHOPPER VINTAGE RED PAISLEY,10,12/7/2011 17:25,2.08,12935,United Kingdom
581196,84992,72 SWEETHEART FAIRY CAKE CASES,24,12/7/2011 17:25,0.55,12935,United Kingdom
581196,21210,SET OF 72 RETROSPOT PAPER  DOILIES,12,12/7/2011 17:25,1.45,12935,United Kingdom
581196,21212,PACK OF 72 RETROSPOT CAKE CASES,24,12/7/2011 17:25,0.55,12935,United Kingdom
581196,22952,60 CAKE CASES VINTAGE CHRISTMAS,24,12/7/2011 17:25,0.55,12935,United Kingdom
581197,23162,REGENCY TEA STRAINER,1,12/7/2011 17:56,3.75,,United Kingdom
581197,22123,PING MICROWAVE APRON,1,12/7/2011 17:56,0.79,,United Kingdom
581197,22900,SET 2 TEA TOWELS I LOVE LONDON ,1,12/7/2011 17:56,3.25,,United Kingdom
581197,23084,RABBIT NIGHT LIGHT,3,12/7/2011 17:56,2.08,,United Kingdom
581197,22909,SET OF 20 VINTAGE CHRISTMAS NAPKINS,2,12/7/2011 17:56,0.85,,United Kingdom
581197,23318,BOX OF 6 MINI VINTAGE CRACKERS,2,12/7/2011 17:56,2.49,,United Kingdom
581197,22553,PLASTERS IN TIN SKULLS,1,12/7/2011 17:56,1.65,,United Kingdom
581197,23320,GIANT 50'S CHRISTMAS CRACKER,1,12/7/2011 17:56,1.25,,United Kingdom
581198,22025,check,-30,12/7/2011 18:26,0.0,,United Kingdom
581199,84581,,-2,12/7/2011 18:26,0.0,,United Kingdom
581200,84508C,check,-21,12/7/2011 18:27,0.0,,United Kingdom
581201,22217,damages?,-155,12/7/2011 18:30,0.0,,United Kingdom
581202,23404,check,41,12/7/2011 18:30,0.0,,United Kingdom
581203,23406,,15,12/7/2011 18:31,0.0,,United Kingdom
581204,85104,????damages????,-355,12/7/2011 18:32,0.0,,United Kingdom
581205,20893,damages,-55,12/7/2011 18:32,0.0,,United Kingdom
581206,21693,mixed up,-87,12/7/2011 18:34,0.0,,United Kingdom
581207,21688,mixed up,-337,12/7/2011 18:34,0.0,,United Kingdom
581208,72801C,check,-10,12/7/2011 18:35,0.0,,United Kingdom
581209,21620,,6,12/7/2011 18:35,0.0,,United Kingdom
581210,23395,check,-26,12/7/2011 18:36,0.0,,United Kingdom
581211,22142,check,14,12/7/2011 18:36,0.0,,United Kingdom
581212,22578,lost,-1050,12/7/2011 18:38,0.0,,United Kingdom
581213,22576,check,-30,12/7/2011 18:38,0.0,,United Kingdom
